article_date;ticker;total_weighted_sentiment;article_count;daily_sentiment
2024-11-14;BA;-0.263791;3;-0.08793033333333333
2024-02-11;NVDA;1.5535020000000002;10;0.15535020000000002
2024-12-01;AAPL;0.3067;8;0.0383375
2024-02-05;AAPL;1.6750099999999997;17;0.09852999999999998
2024-10-05;AAPL;-0.12373600000000001;6;-0.020622666666666668
2024-01-06;GOOG;0.4073440000000001;6;0.06789066666666668
2024-01-24;GOOG;0.728816;11;0.066256
2024-11-06;BA;0.10800000000000001;1;0.10800000000000001
2024-02-20;NVDA;1.715202;29;0.059144896551724134
2024-11-06;NVDA;1.623137;16;0.1014460625
2024-09-21;TSLA;-1.111698;9;-0.123522
2024-08-03;AAPL;-0.27688199999999996;7;-0.039554571428571425
2024-02-28;GOOG;0.5858630000000001;18;0.03254794444444445
2024-01-15;BA;-0.980628;3;-0.326876
2024-07-22;BA;3.275168;11;0.2977425454545454
2024-12-15;BA;-0.440356;2;-0.220178
2024-03-04;TSLA;-1.3559689999999998;23;-0.05895517391304347
2024-02-14;AAPL;-0.059033999999999975;12;-0.004919499999999998
2024-02-12;NVDA;3.177474;19;0.16723547368421054
2024-11-22;AAPL;-0.04626899999999992;9;-0.005140999999999991
2024-09-02;BA;-0.9704699999999998;3;-0.32348999999999994
2024-02-21;AAPL;-0.9518119999999999;15;-0.06345413333333333
2024-10-18;BA;0.13031199999999998;2;0.06515599999999999
2024-08-03;NVDA;2.728904;12;0.22740866666666668
2024-06-08;NVDA;3.522796;22;0.1601270909090909
2024-06-13;BA;-0.20809799999999998;4;-0.052024499999999994
2024-03-04;NVDA;4.796232;28;0.171294
2024-06-13;NVDA;2.199796;18;0.1222108888888889
2024-10-22;NVDA;3.2212620000000003;21;0.1533934285714286
2024-11-25;NVDA;4.810761999999999;26;0.18502930769230763
2024-10-25;NVDA;1.9033280000000001;18;0.10574044444444446
2024-10-10;BA;-0.03731;1;-0.03731
2024-01-10;GOOG;1.9324839999999996;9;0.2147204444444444
2024-11-11;AAPL;0.6642170000000001;11;0.060383363636363645
2024-03-28;GOOG;0.42764900000000006;16;0.026728062500000004
2024-07-19;AAPL;0.364127;5;0.0728254
2024-12-16;AAPL;0.7116420000000001;12;0.05930350000000001
2024-01-11;AAPL;-1.2268089999999998;13;-0.09436992307692306
2024-02-14;GOOG;0.800828;8;0.1001035
2024-10-26;AAPL;-0.004831999999999989;4;-0.0012079999999999973
2024-11-17;NVDA;1.4299089999999999;11;0.12999172727272726
2024-03-18;NVDA;12.777762999999998;68;0.1879082794117647
2024-10-14;TSLA;-1.160627;14;-0.08290192857142857
2024-06-13;AAPL;1.464558;13;0.1126583076923077
2024-03-26;NVDA;2.633161;15;0.17554406666666666
2024-07-01;AAPL;0.854255;9;0.09491722222222222
2024-07-28;TSLA;-0.610175;6;-0.10169583333333333
2024-01-17;GOOG;0.868927;16;0.0543079375
2024-10-25;AAPL;0.932579;7;0.13322557142857144
2024-10-27;AAPL;0.9088430000000001;11;0.08262209090909091
2024-03-19;BA;0.01693600000000002;4;0.004234000000000005
2024-11-02;NVDA;2.2536169999999998;13;0.17335515384615383
2024-05-09;AAPL;-0.6274399999999998;12;-0.05228666666666665
2024-03-22;AAPL;-1.679848;28;-0.05999457142857143
2024-11-10;TSLA;-0.25853000000000004;7;-0.03693285714285715
2024-09-29;BA;-1.131065;2;-0.5655325
2024-01-14;NVDA;2.1464600000000003;15;0.14309733333333335
2024-02-05;TSLA;-0.9870010000000002;16;-0.061687562500000015
2024-11-01;AAPL;1.2046899999999998;17;0.07086411764705881
2024-01-26;AAPL;-0.07638999999999996;9;-0.008487777777777773
2024-04-22;NVDA;1.3752709999999997;22;0.06251231818181817
2024-08-23;O;0.436559;2;0.2182795
2024-02-08;NVDA;2.1176640000000004;17;0.12456847058823532
2024-04-07;TSLA;-0.399136;2;-0.199568
2024-06-01;BA;-0.21754400000000002;2;-0.10877200000000001
2024-06-25;NVDA;1.7436280000000004;40;0.04359070000000001
2024-07-20;NVDA;0.934943;12;0.07791191666666666
2024-03-08;BA;-1.324581;4;-0.33114525
2024-02-20;GOOG;0.23327999999999993;10;0.023327999999999995
2024-05-24;NVDA;5.484731;29;0.18912865517241378
2024-08-02;BA;-0.28500000000000003;3;-0.09500000000000001
2024-11-03;O;0.28675;2;0.143375
2024-10-20;TSLA;-0.21828;4;-0.05457
2024-11-03;NVDA;1.090737;13;0.08390284615384616
2024-03-25;NVDA;4.259423999999999;23;0.18519234782608693
2024-06-05;BA;0.08232500000000004;4;0.02058125000000001
2024-07-05;NVDA;4.116047;27;0.15244618518518518
2024-07-31;NVDA;2.410031;35;0.06885802857142857
2024-10-20;GOOG;1.114315;13;0.08571653846153846
2024-01-29;GOOG;1.61733;15;0.107822
2024-05-05;O;0.22295;2;0.111475
2024-03-27;BA;0.168562;2;0.084281
2024-06-30;NVDA;4.1217749999999995;25;0.164871
2024-10-16;AAPL;1.105066;16;0.069066625
2024-01-04;NVDA;2.8678600000000003;13;0.2206046153846154
2024-02-06;TSLA;-0.6158269999999998;16;-0.03848918749999999
2024-09-15;AAPL;0.731519;6;0.12191983333333334
2024-09-17;BA;-0.958545;2;-0.4792725
2024-09-17;NVDA;2.073017;23;0.09013117391304348
2024-12-24;NVDA;1.661891;17;0.09775829411764705
2024-01-03;BA;0.21677;1;0.21677
2024-04-10;BA;-1.956114;6;-0.326019
2024-01-08;GOOG;0.597188;11;0.05428981818181819
2024-01-07;BA;-0.267982;2;-0.133991
2024-04-05;BA;-1.031314;8;-0.12891425
2024-04-24;BA;-1.816893;7;-0.25955614285714285
2024-08-14;AAPL;-0.265966;9;-0.029551777777777774
2024-01-10;AAPL;-0.48618;16;-0.03038625
2024-12-05;NVDA;3.6975299999999995;23;0.16076217391304345
2024-01-06;AAPL;-0.38355700000000004;5;-0.07671140000000001
2024-06-07;NVDA;6.1184460000000005;36;0.16995683333333333
2024-02-13;TSLA;-1.364867;14;-0.09749050000000001
2024-01-05;BA;0.47912199999999994;2;0.23956099999999997
2024-03-13;NVDA;1.739243;31;0.05610461290322581
2024-11-08;AAPL;0.48728099999999996;10;0.048728099999999996
2024-02-11;AAPL;0.590576;8;0.073822
2024-01-20;GOOG;0.376452;3;0.125484
2024-05-31;NVDA;3.5715199999999996;30;0.11905066666666665
2024-07-23;AAPL;0.814075;11;0.07400681818181819
2024-08-23;AAPL;0.686162;10;0.0686162
2024-11-07;AAPL;0.26980000000000004;10;0.026980000000000004
2024-05-07;NVDA;1.2974739999999998;15;0.08649826666666666
2024-01-10;TSLA;0.7044279999999998;18;0.03913488888888888
2024-03-24;AAPL;1.080984;8;0.135123
2024-04-09;GOOG;4.8009520000000006;25;0.19203808000000003
2024-05-23;AAPL;0.8768509999999999;10;0.08768509999999999
2024-07-20;AAPL;0.048940000000000004;3;0.016313333333333336
2024-09-14;O;-0.007963999999999985;4;-0.0019909999999999962
2024-02-08;TSLA;0.48319199999999984;17;0.028423058823529402
2024-05-08;AAPL;0.265942;13;0.020457076923076925
2024-01-09;NVDA;3.074814;13;0.23652415384615383
2024-02-05;GOOG;0.2880940000000001;9;0.03201044444444445
2024-01-31;BA;-0.37112200000000006;6;-0.061853666666666675
2024-01-29;NVDA;2.579662;15;0.17197746666666666
2024-02-06;AAPL;0.40827100000000005;15;0.02721806666666667
2024-06-10;AAPL;1.0272080000000001;20;0.05136040000000001
2024-01-13;NVDA;2.786974;16;0.174185875
2024-02-18;NVDA;2.530885;18;0.14060472222222223
2024-05-02;BA;-0.365942;4;-0.0914855
2024-07-27;BA;0.028999999999999998;2;0.014499999999999999
2024-02-23;TSLA;-1.0161280000000001;13;-0.07816369230769232
2024-05-30;NVDA;3.643798;34;0.1071705294117647
2024-01-26;GOOG;0.09383400000000008;8;0.01172925000000001
2024-08-18;O;0.332664;2;0.166332
2024-06-16;NVDA;2.659948;17;0.1564675294117647
2024-01-05;GOOG;1.7888229999999998;14;0.12777307142857142
2024-08-05;AAPL;-0.5927990000000001;15;-0.03951993333333334
2024-08-16;NVDA;1.019342;14;0.07281014285714285
2024-05-22;AAPL;0.23917799999999997;11;0.02174345454545454
2024-03-26;AAPL;0.15415400000000004;17;0.009067882352941179
2024-10-19;BA;-0.7179070000000001;3;-0.23930233333333337
2024-05-20;AAPL;0.410184;13;0.03155261538461539
2024-01-30;GOOG;0.33738200000000007;8;0.04217275000000001
2024-02-04;GOOG;0.6147150000000001;4;0.15367875000000003
2024-09-21;AAPL;0.493834;4;0.1234585
2024-09-26;AAPL;0.7716900000000001;6;0.128615
2024-04-05;NVDA;2.6421170000000003;25;0.10568468000000002
2024-04-10;GOOG;4.012488;23;0.174456
2024-03-05;O;0.14994600000000002;2;0.07497300000000001
2024-04-20;O;2.2000000000001185e-05;2;1.1000000000000593e-05
2024-09-28;TSLA;0.33068699999999995;7;0.04724099999999999
2024-10-13;AAPL;0.37443299999999996;6;0.062405499999999996
2024-08-17;BA;-0.0024;1;-0.0024
2024-08-25;BA;0.13267299999999999;1;0.13267299999999999
2024-12-30;BA;-0.9230160000000001;3;-0.307672
2024-03-19;O;0.23317500000000002;2;0.11658750000000001
2024-12-21;BA;-0.242403;1;-0.242403
2024-11-08;NVDA;3.109248;24;0.129552
2024-08-20;BA;-1.910708;5;-0.3821416
2024-02-28;AAPL;-0.8329440000000001;24;-0.03470600000000001
2024-01-07;GOOG;0.68795;6;0.11465833333333332
2024-05-21;AAPL;-0.03843299999999997;12;-0.0032027499999999973
2024-08-02;AAPL;0.24344500000000013;21;0.011592619047619055
2024-03-26;GOOG;0.42909200000000003;10;0.0429092
2024-06-18;AAPL;2.214631;17;0.13027241176470586
2024-09-28;O;0.371977;3;0.12399233333333333
2024-02-16;GOOG;0.673688;12;0.056140666666666665
2024-09-20;TSLA;-0.287101;12;-0.023925083333333333
2024-01-14;GOOG;0.47505;3;0.15835
2024-02-09;GOOG;1.3701609999999997;12;0.11418008333333331
2024-04-07;NVDA;1.018034;15;0.06786893333333334
2024-04-19;AAPL;-0.907951;8;-0.113493875
2024-05-10;TSLA;-2.667231;15;-0.1778154
2024-05-25;GOOG;0.21858399999999995;4;0.054645999999999986
2024-02-08;GOOG;0.7871360000000001;8;0.09839200000000001
2024-02-17;BA;0.004165;1;0.004165
2024-02-18;TSLA;-0.34093100000000004;6;-0.05682183333333334
2024-08-19;NVDA;1.6679550000000003;17;0.09811500000000002
2024-01-15;GOOG;0.48133200000000004;6;0.080222
2024-03-19;GOOG;2.275544;17;0.1338555294117647
2024-12-28;GOOG;0.18150500000000003;6;0.030250833333333338
2024-02-16;AAPL;0.75062;11;0.06823818181818181
2024-07-19;NVDA;3.0059199999999997;17;0.17681882352941175
2024-11-09;AAPL;-0.24475000000000002;13;-0.018826923076923078
2024-12-13;TSLA;1.173578;13;0.09027523076923077
2024-12-20;TSLA;-0.21136600000000003;10;-0.021136600000000002
2024-12-06;GOOG;-0.3118139999999999;6;-0.05196899999999999
2024-03-27;GOOG;0.817924;11;0.07435672727272727
2024-08-05;NVDA;-1.876499;38;-0.049381552631578944
2024-08-22;NVDA;2.935988;29;0.10124096551724138
2024-10-28;AAPL;1.7627159999999997;14;0.1259082857142857
2024-07-30;BA;-0.179342;2;-0.089671
2024-01-22;AAPL;-0.38705599999999996;13;-0.02977353846153846
2024-09-07;O;0.26626799999999995;4;0.06656699999999999
2024-01-27;AAPL;1.01814;9;0.11312666666666667
2024-07-22;NVDA;1.402319;24;0.05842995833333334
2024-01-11;BA;-1.4732729999999998;8;-0.18415912499999998
2024-03-30;BA;-0.43768799999999997;3;-0.145896
2024-08-28;BA;-0.12525;3;-0.04175
2024-10-14;BA;-1.7867160000000002;7;-0.2552451428571429
2024-11-19;BA;0.064974;2;0.032487
2024-04-16;AAPL;-0.30860400000000004;8;-0.038575500000000006
2024-08-08;AAPL;0.7041420000000002;13;0.054164769230769245
2024-02-13;GOOG;1.0120090000000002;7;0.1445727142857143
2024-03-19;NVDA;4.855473;40;0.121386825
2024-07-21;AAPL;0.416298;6;0.069383
2024-02-07;TSLA;-0.7134820000000001;17;-0.04196952941176471
2024-05-29;NVDA;5.005418000000001;27;0.18538585185185188
2024-09-08;AAPL;1.0554739999999998;14;0.07539099999999999
2024-10-01;NVDA;1.505762;17;0.08857423529411765
2024-04-10;NVDA;2.409683;24;0.10040345833333332
2024-02-21;TSLA;-0.019989999999999897;19;-0.0010521052631578894
2024-09-03;O;0.196;1;0.196
2024-02-17;O;0.535332;2;0.267666
2024-07-03;TSLA;2.430269;26;0.09347188461538461
2024-07-16;NVDA;2.4403910000000004;16;0.15252443750000003
2024-04-01;TSLA;-2.167185;21;-0.10319928571428572
2024-05-04;O;0.13570500000000002;2;0.06785250000000001
2024-04-02;GOOG;0.9998130000000001;12;0.08331775000000001
2024-06-30;AAPL;-0.3544590000000001;8;-0.04430737500000001
2024-04-12;AAPL;-0.4916419999999999;8;-0.06145524999999999
2024-01-20;NVDA;1.4838410000000002;9;0.16487122222222225
2024-08-29;NVDA;0.1849550000000001;49;0.0037745918367346957
2024-06-27;BA;-0.8185939999999999;3;-0.27286466666666664
2024-12-12;AAPL;2.373297;17;0.13960570588235294
2024-04-29;AAPL;0.44734699999999994;11;0.04066790909090909
2024-09-12;AAPL;0.852752;12;0.07106266666666666
2024-11-14;NVDA;2.0610820000000003;24;0.08587841666666668
2024-03-25;TSLA;-2.0560889999999996;23;-0.08939517391304345
2024-06-01;AAPL;0.338582;2;0.169291
2024-06-04;NVDA;5.637005;38;0.14834223684210526
2024-06-06;NVDA;6.004376000000001;37;0.16228043243243245
2024-01-22;BA;-1.2622659999999999;5;-0.2524532
2024-08-19;O;0.35865800000000003;2;0.17932900000000002
2024-03-22;NVDA;3.936916;29;0.13575572413793105
2024-01-13;GOOG;1.9362389999999998;7;0.2766055714285714
2024-11-05;AAPL;0.7978609999999999;8;0.09973262499999999
2024-02-22;NVDA;9.978068;49;0.20363404081632655
2024-02-25;TSLA;-0.32848499999999997;11;-0.029862272727272723
2024-07-23;NVDA;2.525962;17;0.148586
2024-08-30;AAPL;0.21369999999999995;9;0.02374444444444444
2024-02-02;BA;-0.7971250000000001;1;-0.7971250000000001
2024-06-29;BA;-0.0022879999999999997;1;-0.0022879999999999997
2024-02-21;NVDA;3.8711049999999996;39;0.09925910256410256
2024-08-26;AAPL;0.17806300000000003;13;0.013697153846153848
2024-06-22;BA;0.111566;1;0.111566
2024-07-25;AAPL;-0.37403000000000003;10;-0.037403000000000006
2024-05-18;GOOG;0.39052200000000004;4;0.09763050000000001
2024-03-15;NVDA;3.514149;26;0.13515957692307692
2024-03-25;BA;-1.128773;5;-0.2257546
2024-08-30;BA;0.073689;3;0.024563
2024-08-24;NVDA;1.4931870000000003;17;0.08783452941176473
2024-12-07;NVDA;1.767225;18;0.09817916666666666
2024-12-13;AAPL;1.1747659999999998;9;0.13052955555555554
2024-04-01;BA;-0.6012;2;-0.3006
2024-06-08;BA;0.20901899999999998;1;0.20901899999999998
2024-09-12;O;0.451143;3;0.15038100000000001
2024-01-16;NVDA;1.007781;13;0.07752161538461538
2024-07-24;GOOG;0.15083100000000005;28;0.00538682142857143
2024-04-07;AAPL;-0.32551899999999984;10;-0.03255189999999998
2024-09-27;AAPL;1.0248270000000002;6;0.17080450000000003
2024-07-13;TSLA;0.1688;4;0.0422
2024-08-10;AAPL;0.277555;9;0.030839444444444444
2024-09-14;AAPL;-0.04900900000000005;6;-0.008168166666666676
2024-02-02;NVDA;4.667599000000001;18;0.2593110555555556
2024-03-19;AAPL;1.986272;16;0.124142
2024-03-31;TSLA;-0.3101589999999999;10;-0.031015899999999992
2024-03-26;BA;-1.393144;5;-0.2786288
2024-10-22;AAPL;0.8119809999999998;10;0.08119809999999998
2024-02-09;TSLA;-0.522871;12;-0.04357258333333333
2024-12-14;AAPL;0.447444;4;0.111861
2024-11-21;BA;-1.075432;2;-0.537716
2024-07-17;NVDA;2.521921;29;0.08696279310344827
2024-09-11;NVDA;0.904003;25;0.03616012
2024-08-13;O;0.193158;2;0.096579
2024-03-12;BA;-3.0702160000000003;6;-0.5117026666666668
2024-05-05;BA;-0.37702600000000003;2;-0.18851300000000001
2024-04-28;NVDA;0.9107980000000001;12;0.07589983333333335
2024-05-03;AAPL;0.053247000000000065;24;0.0022186250000000027
2024-11-05;NVDA;1.469528;21;0.06997752380952381
2024-01-08;AAPL;-0.06240200000000007;8;-0.0078002500000000086
2024-05-21;TSLA;-0.890432;13;-0.06849476923076923
2024-02-12;AAPL;0.58168;11;0.052879999999999996
2024-09-10;NVDA;1.441559;26;0.05544457692307692
2024-04-19;BA;-0.661;3;-0.22033333333333335
2024-04-23;NVDA;1.634576;16;0.102161
2024-01-31;GOOG;-0.5208060000000002;23;-0.02264373913043479
2024-03-30;AAPL;0.284338;8;0.03554225
2024-05-17;AAPL;-0.658481;4;-0.16462025
2024-01-27;GOOG;1.074754;5;0.2149508
2024-06-12;AAPL;3.3901520000000005;27;0.1255611851851852
2024-04-11;BA;0.03215800000000002;2;0.01607900000000001
2024-06-20;NVDA;5.713126;43;0.1328633953488372
2024-01-14;AAPL;0.752551;6;0.12542516666666667
2024-08-09;AAPL;0.17744199999999996;9;0.019715777777777773
2024-02-12;GOOG;0.601379;10;0.0601379
2024-07-15;BA;-0.677222;5;-0.1354444
2024-07-26;NVDA;2.6813659999999997;19;0.14112452631578945
2024-01-03;GOOG;0.9924640000000001;11;0.09022400000000001
2024-02-03;NVDA;3.1600080000000004;21;0.15047657142857146
2024-12-12;TSLA;1.125449;13;0.086573
2024-02-03;GOOG;2.02241;9;0.2247122222222222
2024-05-14;AAPL;1.399655;8;0.174956875
2024-08-20;TSLA;0.630307;11;0.05730063636363636
2024-09-16;AAPL;-1.6268030000000002;11;-0.14789118181818184
2024-03-31;AAPL;0.24441400000000008;13;0.018801076923076927
2024-04-09;NVDA;-0.8257990000000001;19;-0.0434631052631579
2024-09-28;GOOG;0.5079999999999999;7;0.07257142857142855
2024-11-03;GOOG;1.248063;9;0.13867366666666667
2024-02-13;AAPL;-0.817564;16;-0.05109775
2024-03-07;AAPL;-1.361508;18;-0.07563933333333334
2024-10-14;NVDA;1.573879;17;0.09258111764705883
2024-09-22;AAPL;1.073978;7;0.15342542857142857
2024-11-03;AAPL;0.9426569999999999;5;0.18853139999999996
2024-04-09;AAPL;-2.193629;16;-0.1371018125
2024-02-29;NVDA;4.459998;23;0.19391295652173912
2024-05-12;GOOG;0.57918;5;0.11583600000000001
2024-10-08;AAPL;0.464754;15;0.0309836
2024-09-05;BA;-0.27771999999999997;3;-0.09257333333333333
2024-11-06;GOOG;0.174742;4;0.0436855
2024-03-21;NVDA;3.17565;25;0.127026
2024-10-05;BA;-0.17075200000000001;1;-0.17075200000000001
2024-10-14;AAPL;0.7857310000000001;10;0.0785731
2024-06-17;NVDA;1.715836;28;0.06127985714285714
2024-02-18;AAPL;-0.010314000000000156;7;-0.0014734285714285938
2024-11-02;BA;-0.02042100000000001;2;-0.010210500000000004
2024-02-25;NVDA;2.2519910000000003;15;0.15013273333333335
2024-11-27;GOOG;0.896399;8;0.112049875
2024-04-02;AAPL;-1.5128419999999998;11;-0.13753109090909088
2024-07-21;BA;-0.157356;1;-0.157356
2024-09-28;BA;-0.6970000000000001;2;-0.34850000000000003
2024-09-25;AAPL;-0.3400869999999999;7;-0.04858385714285713
2024-01-31;NVDA;2.7103889999999997;23;0.11784299999999999
2024-07-01;NVDA;5.293664;27;0.1960616296296296
2024-05-13;NVDA;2.897357;15;0.19315713333333334
2024-10-22;BA;-0.816681;3;-0.272227
2024-04-17;GOOG;0.022061999999999915;12;0.001838499999999993
2024-12-22;AAPL;0.93809;4;0.2345225
2024-06-11;NVDA;3.831534999999999;27;0.14190870370370365
2024-06-21;AAPL;1.1007120000000001;14;0.07862228571428573
2024-09-15;NVDA;0.862808;10;0.0862808
2024-10-12;AAPL;-0.720032;3;-0.24001066666666668
2024-05-12;BA;-0.4116;1;-0.4116
2024-05-20;BA;0.04427699999999996;3;0.014758999999999987
2024-11-09;NVDA;0.9608219999999998;13;0.0739093846153846
2024-02-01;NVDA;1.900666;12;0.15838883333333334
2024-05-19;AAPL;-0.2659659999999999;9;-0.02955177777777777
2024-02-04;BA;-0.37430399999999997;2;-0.18715199999999999
2024-08-09;GOOG;-0.03589700000000007;11;-0.0032633636363636424
2024-05-16;BA;0.03245800000000007;4;0.008114500000000018
2024-04-15;NVDA;2.681626;18;0.14897922222222224
2024-03-04;AAPL;-0.07317300000000015;14;-0.005226642857142868
2024-01-03;AAPL;-0.962303;23;-0.04183926086956522
2024-05-06;GOOG;1.686703;10;0.1686703
2024-02-09;AAPL;0.509919;11;0.046356272727272725
2024-01-25;GOOG;1.3952870000000002;10;0.1395287
2024-02-03;AAPL;0.36037300000000005;8;0.04504662500000001
2024-01-26;NVDA;0.7757509999999999;12;0.06464591666666665
2024-06-01;O;-0.026307;2;-0.0131535
2024-05-01;AAPL;-1.844753;9;-0.20497255555555557
2024-05-18;AAPL;0.901819;6;0.15030316666666668
2024-09-03;NVDA;0.676645;40;0.016916125
2024-04-03;AAPL;0.7309919999999999;9;0.08122133333333331
2024-03-15;TSLA;-1.1093369999999998;26;-0.042666807692307684
2024-01-01;GOOG;0.481741;5;0.0963482
2024-03-24;GOOG;0.853933;6;0.14232216666666667
2024-01-08;BA;-3.7234000000000003;9;-0.41371111111111114
2024-05-15;BA;-1.177772;2;-0.588886
2024-07-18;BA;-0.460429;3;-0.15347633333333333
2024-08-27;BA;0.626313;4;0.15657825
2024-04-06;NVDA;1.8379389999999998;16;0.11487118749999999
2024-05-04;AAPL;-0.4994039999999999;8;-0.06242549999999999
2024-10-21;BA;0.96944;5;0.193888
2024-04-15;AAPL;0.23919299999999985;12;0.01993274999999999
2024-01-16;GOOG;0.5243739999999999;8;0.06554674999999999
2024-02-29;AAPL;-0.9334979999999999;5;-0.1866996
2024-05-16;NVDA;2.4864129999999998;18;0.13813405555555555
2024-06-05;NVDA;7.845389;35;0.22415397142857144
2024-11-22;GOOG;-1.2395239999999998;11;-0.11268399999999999
2024-05-24;AAPL;0.15130700000000002;8;0.018913375000000003
2024-11-26;NVDA;3.4157520000000003;20;0.1707876
2024-12-06;AAPL;-0.010111999999999996;7;-0.001444571428571428
2024-03-24;NVDA;0.8585980000000002;13;0.06604600000000002
2024-05-10;GOOG;0.841809;13;0.06475453846153846
2024-02-05;BA;-1.037019;3;-0.34567299999999995
2024-02-22;GOOG;-0.3293399999999999;17;-0.019372941176470582
2024-01-08;TSLA;0.41613199999999995;11;0.03783018181818181
2024-03-27;NVDA;3.4539400000000002;24;0.14391416666666668
2024-01-12;NVDA;0.45315;7;0.06473571428571429
2024-05-27;AAPL;-0.06934900000000005;7;-0.009907000000000008
2024-07-24;AAPL;-0.3909679999999999;8;-0.04887099999999999
2024-03-28;NVDA;2.69739;19;0.1419678947368421
2024-02-15;BA;-0.441198;2;-0.220599
2024-10-28;TSLA;0.14238099999999998;20;0.007119049999999999
2024-06-23;NVDA;3.2399479999999996;25;0.12959791999999998
2024-02-07;AAPL;1.900202;19;0.10001063157894736
2024-04-13;AAPL;0.057156000000000005;4;0.014289000000000001
2024-01-27;NVDA;1.201783;10;0.1201783
2024-06-21;BA;-0.817037;3;-0.27234566666666665
2024-08-09;NVDA;0.47562900000000014;15;0.03170860000000001
2024-09-24;BA;-1.8730839999999997;7;-0.2675834285714285
2024-02-28;TSLA;0.24979800000000008;15;0.016653200000000003
2024-07-06;NVDA;0.4885630000000001;9;0.054284777777777786
2024-04-05;GOOG;0.941667;10;0.0941667
2024-01-21;AAPL;0.667609;8;0.083451125
2024-04-05;TSLA;-3.2510369999999997;21;-0.1548112857142857
2024-08-10;BA;-0.637608;1;-0.637608
2024-04-20;AAPL;0.937408;6;0.15623466666666666
2024-09-20;NVDA;2.619219;20;0.13096095000000002
2024-05-10;AAPL;1.067223;11;0.09702027272727273
2024-03-28;AAPL;-0.7870710000000001;8;-0.09838387500000001
2024-05-06;AAPL;1.6261099999999997;16;0.10163187499999998
2024-12-04;AAPL;1.126693;6;0.18778216666666667
2024-07-06;GOOG;0.12385799999999998;3;0.041285999999999996
2024-05-12;NVDA;2.14114;17;0.1259494117647059
2024-08-05;BA;-0.16375000000000003;3;-0.054583333333333345
2024-02-23;GOOG;-1.100674;14;-0.07861957142857143
2024-05-15;AAPL;0.26178000000000007;6;0.04363000000000001
2024-01-12;AAPL;0.362791;7;0.05182728571428571
2024-01-26;TSLA;-1.7669979999999998;14;-0.12621414285714286
2024-11-25;AAPL;0.33696400000000004;6;0.05616066666666667
2024-04-11;NVDA;2.851965;26;0.10969096153846153
2024-06-20;AAPL;1.535752;22;0.06980690909090909
2024-03-21;AAPL;-3.781873;23;-0.16442926086956522
2024-01-18;BA;-0.4462750000000002;7;-0.06375357142857145
2024-04-01;GOOG;0.671387;12;0.05594891666666666
2024-04-02;BA;-1.0594;3;-0.3531333333333333
2024-04-18;AAPL;-1.6886130000000001;8;-0.21107662500000002
2024-04-22;AAPL;-1.340941;11;-0.12190372727272726
2024-06-20;BA;-0.64625;3;-0.21541666666666667
2024-05-13;AAPL;1.5841220000000003;13;0.12185553846153849
2024-01-12;GOOG;-0.5693989999999999;8;-0.07117487499999998
2024-03-24;BA;-0.25630800000000004;1;-0.25630800000000004
2024-09-03;BA;-2.400785;4;-0.60019625
2024-03-17;O;0.106722;1;0.106722
2024-01-04;AAPL;0.3579239999999994;14;0.025565999999999957
2024-01-10;NVDA;4.810893;26;0.18503434615384615
2024-02-07;O;0.433827;3;0.14460900000000002
2024-02-04;NVDA;1.273102;8;0.15913775
2024-08-04;AAPL;-0.481715;9;-0.05352388888888889
2024-02-27;BA;0.19229400000000008;3;0.06409800000000003
2024-05-06;BA;-0.43059;4;-0.1076475
2024-07-25;NVDA;2.1763430000000006;22;0.09892468181818184
2024-10-26;BA;-0.25512700000000005;2;-0.12756350000000002
2024-05-07;AAPL;1.515949;21;0.07218804761904762
2024-05-21;NVDA;4.726883000000001;27;0.17506974074074078
2024-06-03;NVDA;4.610943000000001;27;0.1707756666666667
2024-03-13;GOOG;-0.821271;16;-0.0513294375
2024-10-20;O;0.47148999999999996;3;0.15716333333333332
2024-09-12;BA;-0.722502;3;-0.240834
2024-04-14;NVDA;1.963657;15;0.13091046666666667
2024-09-04;NVDA;-1.8705460000000003;38;-0.04922489473684211
2024-10-20;NVDA;4.584507;26;0.1763271923076923
2024-01-21;TSLA;0.145399;8;0.018174875
2024-04-23;AAPL;-0.5079969999999999;12;-0.04233308333333333
2024-02-06;GOOG;1.7009530000000002;16;0.10630956250000001
2024-02-13;NVDA;1.7861030000000002;18;0.09922794444444445
2024-12-04;BA;0.22725;2;0.113625
2024-02-10;GOOG;0.410466;4;0.1026165
2024-10-20;AAPL;0.26046899999999995;9;0.028940999999999995
2024-10-25;GOOG;0.9647470000000001;4;0.24118675000000003
2024-11-08;GOOG;0.346045;6;0.057674166666666665
2024-06-14;O;-0.268436;2;-0.134218
2024-12-14;O;0.5744189999999999;5;0.11488379999999998
2024-09-08;NVDA;1.20777;18;0.06709833333333333
2024-10-03;AAPL;-0.04814099999999999;9;-0.005348999999999999
2024-11-29;AAPL;0.4910829999999999;8;0.061385374999999985
2024-03-27;TSLA;0.04565700000000003;15;0.003043800000000002
2024-04-06;BA;-0.247122;2;-0.123561
2024-04-24;AAPL;-0.88524;4;-0.22131
2024-12-02;NVDA;2.574537;19;0.13550194736842106
2024-12-28;BA;0.04825;1;0.04825
2024-10-05;NVDA;1.637873;13;0.12599023076923077
2024-12-03;O;0.24452300000000002;2;0.12226150000000001
2024-05-27;GOOG;-0.946788;9;-0.10519866666666666
2024-03-15;BA;-2.383336;6;-0.39722266666666667
2024-04-10;TSLA;0.3167909999999999;23;0.013773521739130429
2024-09-10;O;0.0;1;0.0
2024-04-10;AAPL;1.07974;18;0.05998555555555555
2024-03-15;AAPL;-0.660284;9;-0.07336488888888888
2024-10-18;GOOG;-0.38666899999999993;10;-0.03866689999999999
2024-06-17;BA;-0.349126;1;-0.349126
2024-01-09;AAPL;0.606662;10;0.0606662
2024-05-30;AAPL;0.49313700000000005;10;0.0493137
2024-04-24;NVDA;1.5824000000000003;20;0.07912000000000001
2024-11-10;BA;-0.43003199999999997;1;-0.43003199999999997
2024-04-17;AAPL;-0.28533699999999995;12;-0.023778083333333328
2024-12-06;NVDA;3.264749;22;0.14839768181818183
2024-11-27;AAPL;0.645541;12;0.053795083333333334
2024-01-06;NVDA;1.783551;9;0.19817233333333334
2024-01-09;GOOG;2.033287;11;0.18484427272727275
2024-01-13;AAPL;-0.158748;3;-0.052916
2024-09-07;AAPL;0.4609430000000001;8;0.05761787500000001
2024-12-13;GOOG;0.897661;10;0.0897661
2024-04-17;BA;-0.213275;6;-0.03554583333333333
2024-04-14;AAPL;0.11406200000000001;7;0.01629457142857143
2024-03-04;GOOG;0.04590900000000003;14;0.003279214285714288
2024-03-05;AAPL;-0.8638539999999999;15;-0.05759026666666666
2024-06-24;NVDA;3.9468379999999996;32;0.12333868749999999
2024-12-25;BA;-0.655605;1;-0.655605
2024-01-17;NVDA;1.942831;12;0.16190258333333332
2024-03-18;AAPL;2.621551;18;0.14564172222222224
2024-04-11;AAPL;0.32379099999999994;15;0.021586066666666664
2024-06-03;BA;-1.6838990000000003;6;-0.2806498333333334
2024-12-22;BA;0.022490999999999997;1;0.022490999999999997
2024-11-09;O;0.32067999999999997;3;0.10689333333333333
2024-05-05;AAPL;-0.347916;12;-0.028993
2024-01-25;BA;-1.5665559999999998;6;-0.26109266666666664
2024-04-22;TSLA;-6.267656000000001;25;-0.25070624
2024-01-02;GOOG;1.0183129999999998;7;0.1454732857142857
2024-06-10;NVDA;6.203418000000002;36;0.17231716666666672
2024-04-09;BA;-1.4511260000000001;5;-0.2902252
2024-07-08;AAPL;1.5612859999999995;12;0.13010716666666663
2024-06-16;BA;0.049608;1;0.049608
2024-06-04;AAPL;0.44203899999999996;10;0.0442039
2024-04-30;BA;0.63625;3;0.21208333333333332
2024-01-21;GOOG;0.03593700000000011;8;0.0044921250000000135
2024-02-11;GOOG;0.909404;6;0.15156733333333333
2024-08-23;NVDA;2.7282079999999995;25;0.10912831999999999
2024-07-04;NVDA;2.994902;17;0.17617070588235295
2024-01-02;NVDA;2.396275;15;0.15975166666666668
2024-09-28;NVDA;0.8910070000000001;15;0.05940046666666667
2024-02-28;NVDA;2.766274;29;0.09538875862068966
2024-01-02;AAPL;-1.214044;14;-0.08671742857142857
2024-02-14;NVDA;3.280009;30;0.10933363333333333
2024-02-15;NVDA;4.699988;34;0.1382349411764706
2024-12-08;BA;0.233205;2;0.1166025
2024-06-07;GOOG;0.605281;6;0.10088016666666666
2024-10-09;AAPL;0.330423;11;0.03003845454545455
2024-11-06;AAPL;0.6359880000000001;16;0.03974925000000001
2024-11-21;NVDA;4.495640999999999;37;0.12150381081081078
2024-02-16;NVDA;4.468165;21;0.2127697619047619
2024-03-30;TSLA;0.35075800000000007;9;0.03897311111111112
2024-01-23;GOOG;-0.363972;12;-0.030331
2024-10-21;AAPL;0.305326;12;0.025443833333333332
2024-04-18;NVDA;3.5164360000000006;17;0.20684917647058826
2024-10-06;BA;-0.17746800000000001;2;-0.08873400000000001
2024-08-25;GOOG;0.45671;3;0.15223666666666666
2024-01-21;NVDA;0.6544660000000001;8;0.08180825000000001
2024-01-22;GOOG;-0.38136099999999984;9;-0.04237344444444443
2024-05-27;NVDA;1.409518;9;0.15661311111111112
2024-05-12;AAPL;1.575413;12;0.13128441666666665
2024-08-22;AAPL;-0.38809599999999994;7;-0.05544228571428571
2024-08-28;AAPL;0.015250000000000041;15;0.0010166666666666694
2024-04-22;GOOG;0.993368;11;0.09030618181818183
2024-05-26;AAPL;0.243864;4;0.060966
2024-12-24;AAPL;1.6770839999999998;10;0.16770839999999998
2024-04-05;AAPL;-0.571377;15;-0.0380918
2024-11-20;O;0.6675760000000001;1;0.6675760000000001
2024-10-06;AAPL;0.17233999999999994;4;0.043084999999999984
2024-04-27;BA;0.08583800000000001;1;0.08583800000000001
2024-11-09;GOOG;-0.154754;4;-0.0386885
2024-03-06;GOOG;0.8153159999999999;12;0.06794299999999999
2024-02-03;O;0.081952;2;0.040976
2024-04-27;GOOG;0.602739;4;0.15068475
2024-07-29;NVDA;2.961309;24;0.123387875
2024-04-08;GOOG;2.0628729999999997;15;0.13752486666666666
2024-08-13;NVDA;1.6598579999999998;20;0.0829929
2024-04-18;TSLA;-5.590809;16;-0.3494255625
2024-03-16;GOOG;0.38910500000000003;10;0.0389105
2024-09-21;NVDA;1.671488;21;0.07959466666666667
2024-06-29;NVDA;2.495104;17;0.14677082352941176
2024-03-16;BA;-0.2256;1;-0.2256
2024-07-31;BA;-0.952896;6;-0.15881599999999998
2024-03-14;GOOG;0.24943400000000004;10;0.024943400000000004
2024-02-05;NVDA;2.01841;11;0.18349181818181817
2024-01-24;NVDA;3.781503;16;0.2363439375
2024-02-06;NVDA;0.3075530000000001;11;0.027959363636363643
2024-09-28;AAPL;1.7443460000000004;11;0.15857690909090913
2024-04-28;AAPL;0.15638599999999991;7;0.02234085714285713
2024-09-01;BA;-0.366044;2;-0.183022
2024-04-27;O;0.584596;2;0.292298
2024-06-30;GOOG;1.0847670000000003;6;0.18079450000000005
2024-12-05;TSLA;0.723463;5;0.1446926
2024-01-13;BA;-0.333;1;-0.333
2024-01-22;TSLA;-0.659464;19;-0.03470863157894737
2024-05-09;GOOG;1.2092129999999999;12;0.10076774999999999
2024-04-25;BA;-0.23265799999999998;4;-0.058164499999999994
2024-09-24;AAPL;1.0046140000000001;10;0.1004614
2024-07-11;AAPL;0.08540100000000009;14;0.006100071428571435
2024-07-26;AAPL;0.477651;8;0.059706375
2024-11-24;NVDA;2.8945849999999997;18;0.16081027777777776
2024-02-16;TSLA;-0.4887639999999999;15;-0.03258426666666666
2024-12-05;O;0.09359800000000001;3;0.03119933333333334
2024-02-07;NVDA;3.070463;22;0.1395665
2024-03-28;BA;-0.833;1;-0.833
2024-09-15;GOOG;-0.34962400000000005;3;-0.11654133333333334
2024-05-21;GOOG;0.09447599999999998;9;0.01049733333333333
2024-03-07;NVDA;3.0477509999999994;21;0.14513099999999998
2024-03-16;NVDA;4.579509000000001;30;0.15265030000000002
2024-03-27;AAPL;-1.196195;21;-0.05696166666666666
2024-04-13;NVDA;3.9540499999999996;20;0.19770249999999998
2024-01-17;BA;-0.08900100000000001;1;-0.08900100000000001
2024-03-29;GOOG;0.23657500000000004;8;0.029571875000000004
2024-10-23;BA;-1.0493320000000002;8;-0.13116650000000002
2024-12-23;NVDA;1.9535980000000002;20;0.09767990000000001
2024-03-22;GOOG;0.00945600000000002;12;0.0007880000000000017
2024-07-20;BA;-0.18215100000000004;1;-0.18215100000000004
2024-05-01;NVDA;1.49661;27;0.05543
2024-05-24;BA;-0.823206;3;-0.274402
2024-04-08;AAPL;0.3147150000000001;11;0.028610454545454553
2024-02-02;GOOG;1.052214;8;0.13152675
2024-06-28;BA;-1.345348;4;-0.336337
2024-11-01;BA;-1.378354;6;-0.2297256666666667
2024-02-23;NVDA;6.4641649999999995;37;0.17470716216216214
2024-04-12;GOOG;-0.72546;8;-0.0906825
2024-08-11;NVDA;1.100871;11;0.10007918181818182
2024-06-16;GOOG;0.16683200000000004;3;0.055610666666666676
2024-07-28;NVDA;2.774713;17;0.1632184117647059
2024-02-10;NVDA;2.3465480000000003;18;0.1303637777777778
2024-09-18;AAPL;0.631578;14;0.045112714285714284
2024-11-22;BA;0.39230000000000004;2;0.19615000000000002
2024-04-27;NVDA;0.060207000000000024;16;0.0037629375000000015
2024-02-08;AAPL;1.531444;21;0.07292590476190476
2024-01-18;GOOG;0.11927400000000016;15;0.00795160000000001
2024-07-03;NVDA;3.162189;25;0.12648756
2024-11-30;AAPL;0.062698;2;0.031349
2024-10-13;BA;-0.637;2;-0.3185
2024-05-02;AAPL;-0.26229099999999994;16;-0.016393187499999996
2024-03-31;NVDA;2.8485539999999996;19;0.1499238947368421
2024-10-02;BA;-1.00856;4;-0.25214
2024-03-05;NVDA;3.987001;24;0.16612504166666667
2024-06-22;O;0.480175;4;0.12004375
2024-07-22;AAPL;0.62561;10;0.062561
2024-02-25;O;0.302082;4;0.0755205
2024-10-09;NVDA;3.0714200000000003;21;0.14625809523809524
2024-06-28;NVDA;2.61121;21;0.12434333333333332
2024-10-02;AAPL;0.05041300000000004;11;0.004583000000000004
2024-04-01;AAPL;0.06553800000000004;12;0.005461500000000004
2024-04-01;NVDA;1.177062;20;0.058853100000000005
2024-02-07;GOOG;1.148568;7;0.16408114285714287
2024-09-13;NVDA;3.8951870000000004;24;0.16229945833333334
2024-10-21;NVDA;4.798412999999998;24;0.19993387499999993
2024-02-09;O;0.455578;2;0.227789
2024-05-11;AAPL;0.2877110000000001;9;0.0319678888888889
2024-04-28;BA;0.25;1;0.25
2024-08-08;BA;-0.962289;3;-0.32076299999999996
2024-11-24;BA;-0.284839;2;-0.1424195
2024-04-27;AAPL;0.11932299999999996;8;0.014915374999999995
2024-05-25;AAPL;0.768655;3;0.2562183333333333
2024-08-21;AAPL;-0.5643090000000001;10;-0.056430900000000006
2024-03-14;BA;-1.354878;4;-0.3387195
2024-04-23;BA;-0.555;2;-0.2775
2024-02-29;TSLA;-0.07338899999999993;16;-0.004586812499999995
2024-05-22;TSLA;1.5145759999999997;11;0.13768872727272724
2024-11-29;TSLA;0.14020400000000005;9;0.015578222222222228
2024-05-14;TSLA;-2.093734;10;-0.2093734
2024-03-14;TSLA;-2.5702760000000002;23;-0.11175113043478262
2024-04-11;GOOG;1.389595;14;0.09925678571428571
2024-01-13;TSLA;-0.66922;4;-0.167305
2024-04-11;TSLA;-1.2670860000000002;16;-0.07919287500000001
2024-11-15;NVDA;4.267457;16;0.2667160625
2024-08-19;TSLA;0.6582960000000001;11;0.05984509090909092
2024-04-29;TSLA;1.9074630000000001;23;0.08293317391304349
2024-05-26;TSLA;-0.17925000000000008;3;-0.059750000000000025
2024-07-02;TSLA;-2.1866160000000003;25;-0.08746464000000001
2024-12-02;TSLA;0.4817640000000004;14;0.034411714285714316
2024-02-19;O;-0.26025;1;-0.26025
2024-06-17;AAPL;1.699812;20;0.0849906
2024-12-10;AAPL;0.10693899999999998;6;0.017823166666666664
2024-11-29;NVDA;3.1168679999999997;23;0.135516
2024-02-01;GOOG;0.91372;5;0.182744
2024-07-24;TSLA;-6.744049;46;-0.14660976086956523
2024-08-30;NVDA;3.098089;28;0.1106460357142857
2024-04-21;TSLA;-2.158343;9;-0.23981588888888888
2024-12-18;NVDA;1.663089;21;0.07919471428571428
2024-03-21;TSLA;-0.016864999999999908;10;-0.0016864999999999907
2024-11-28;GOOG;-1.230068;7;-0.175724
2024-04-30;NVDA;2.0889900000000003;16;0.13056187500000002
2024-11-19;TSLA;0.13378400000000004;11;0.012162181818181822
2024-12-23;GOOG;0.573731;9;0.06374788888888888
2024-11-04;TSLA;-0.6700090000000001;15;-0.04466726666666667
2024-01-16;TSLA;-2.8056369999999995;16;-0.17535231249999997
2024-05-06;NVDA;1.6814389999999997;21;0.0800685238095238
2024-04-24;TSLA;-0.650971;38;-0.017130815789473685
2024-06-18;NVDA;6.504844999999999;34;0.19131897058823524
2024-06-26;GOOG;0.8858269999999999;11;0.08052972727272727
2024-12-11;TSLA;3.328685;23;0.14472543478260871
2024-05-07;GOOG;0.976131;10;0.0976131
2024-09-10;AAPL;1.358566;27;0.050317259259259256
2024-02-15;AAPL;0.7217960000000001;11;0.0656178181818182
2024-10-09;TSLA;1.186579;18;0.06592105555555555
2024-11-18;NVDA;2.7696229999999997;23;0.12041839130434781
2024-09-12;GOOG;-0.17501900000000004;8;-0.021877375000000004
2024-06-12;TSLA;-0.850352;16;-0.053147
2024-10-13;TSLA;0.36957300000000004;9;0.04106366666666667
2024-08-20;GOOG;0.4884219999999999;10;0.04884219999999999
2024-07-24;NVDA;2.931287;28;0.10468882142857143
2024-12-31;NVDA;2.712842;19;0.14278115789473686
2024-12-25;NVDA;2.5936980000000003;18;0.14409433333333335
2024-10-24;NVDA;4.207917999999999;27;0.1558488148148148
2024-04-16;GOOG;1.138669;10;0.1138669
2024-10-18;TSLA;-0.9038930000000001;6;-0.15064883333333334
2024-07-05;TSLA;-0.32026299999999996;14;-0.022875928571428568
2024-01-08;NVDA;3.6853549999999995;28;0.1316198214285714
2024-07-09;GOOG;0.8676689999999999;11;0.07887899999999999
2024-06-14;TSLA;0.516152;20;0.025807600000000003
2024-07-18;TSLA;-1.2375170000000002;13;-0.0951936153846154
2024-09-03;TSLA;0.12084400000000001;10;0.0120844
2024-09-05;TSLA;0.8299590000000001;12;0.06916325000000001
2024-08-29;TSLA;0.33241500000000007;8;0.04155187500000001
2024-02-19;NVDA;2.173988;12;0.18116566666666667
2024-05-31;TSLA;-1.9957360000000002;11;-0.18143054545454548
2024-05-08;TSLA;-1.6285350000000003;17;-0.09579617647058825
2024-02-26;AAPL;-0.5534069999999999;16;-0.03458793749999999
2024-08-05;TSLA;-0.7496069999999999;18;-0.041644833333333325
2024-06-17;TSLA;-0.870974;9;-0.0967748888888889
2024-05-15;TSLA;-2.023808;15;-0.13492053333333331
2024-02-27;TSLA;-0.4933829999999999;13;-0.037952538461538454
2024-01-02;TSLA;-0.4127809999999999;22;-0.01876277272727272
2024-02-14;TSLA;-0.915243;17;-0.053837823529411764
2024-12-01;TSLA;1.015039;6;0.16917316666666668
2024-11-27;TSLA;-0.3045769999999999;10;-0.030457699999999987
2024-06-26;NVDA;3.380691;38;0.08896555263157895
2024-11-04;GOOG;0.7464179999999999;13;0.05741676923076922
2024-06-26;TSLA;1.36126;14;0.09723285714285713
2024-12-16;NVDA;0.7350300000000001;15;0.049002000000000004
2024-08-13;TSLA;-1.8208140000000004;13;-0.14006261538461542
2024-05-10;NVDA;2.757514;18;0.15319522222222223
2024-12-26;AAPL;0.8552440000000001;7;0.1221777142857143
2024-09-26;TSLA;0.04741299999999996;9;0.005268111111111107
2024-04-26;NVDA;2.189501;14;0.15639292857142856
2024-07-19;TSLA;-1.199717;9;-0.1333018888888889
2024-06-13;TSLA;1.1401169999999998;19;0.06000615789473683
2024-10-30;NVDA;1.62302;19;0.0854221052631579
2024-09-02;NVDA;1.6794090000000002;12;0.13995075
2024-01-05;TSLA;-0.27309000000000005;14;-0.019506428571428574
2024-07-12;NVDA;1.3505660000000002;18;0.07503144444444446
2024-09-26;GOOG;0.7106319999999999;7;0.10151885714285713
2024-08-30;TSLA;0.2091040000000001;9;0.023233777777777787
2024-07-18;NVDA;2.2302750000000002;28;0.07965267857142858
2024-01-29;TSLA;0.9334520000000001;18;0.05185844444444445
2024-09-10;TSLA;0.22536799999999996;12;0.018780666666666664
2024-05-20;GOOG;1.2625019999999998;8;0.15781274999999997
2024-11-21;TSLA;0.09573499999999996;8;0.011966874999999995
2024-06-04;GOOG;0.6476770000000001;5;0.12953540000000002
2024-12-29;GOOG;0.853005;7;0.12185785714285714
2024-02-03;TSLA;-0.09876600000000002;9;-0.010974000000000003
2024-11-20;GOOG;1.1639410000000001;9;0.1293267777777778
2024-10-15;AAPL;0.602398;11;0.054763454545454546
2024-04-29;BA;0.46354199999999995;2;0.23177099999999998
2024-08-15;GOOG;-1.333407;16;-0.0833379375
2024-03-14;NVDA;2.608987000000001;19;0.13731510526315793
2024-12-11;NVDA;4.2124369999999995;22;0.19147440909090907
2024-02-22;O;0.06625400000000004;2;0.03312700000000002
2024-05-29;TSLA;-2.4163049999999995;16;-0.15101906249999997
2024-08-06;TSLA;0.03708799999999998;11;0.003371636363636362
2024-05-03;NVDA;0.9827980000000001;13;0.07559984615384616
2024-02-04;TSLA;-0.581283;4;-0.14532075
2024-01-12;TSLA;-0.3858269999999998;15;-0.025721799999999986
2024-12-03;TSLA;1.9850370000000002;16;0.12406481250000001
2024-12-24;TSLA;2.384718;15;0.1589812
2024-10-06;TSLA;0.211202;5;0.0422404
2024-08-12;TSLA;-0.12204999999999999;12;-0.010170833333333332
2024-08-14;TSLA;-0.47186;11;-0.042896363636363635
2024-06-09;TSLA;-0.15500299999999992;5;-0.031000599999999982
2024-01-24;TSLA;-2.305655;22;-0.10480249999999999
2024-05-01;GOOG;2.240321;17;0.1317835882352941
2024-09-10;GOOG;1.1568489999999998;17;0.06804994117647058
2024-03-07;TSLA;-1.406775;21;-0.06698928571428572
2024-08-23;TSLA;0.6102029999999999;8;0.07627537499999999
2024-10-15;GOOG;1.536406;12;0.12803383333333332
2024-08-15;NVDA;1.6400609999999998;24;0.06833587499999999
2024-12-10;GOOG;0.7023520000000001;11;0.06385018181818182
2024-07-30;AAPL;0.6939359999999999;15;0.046262399999999995
2024-06-11;TSLA;-2.979588;14;-0.2128277142857143
2024-08-26;NVDA;4.209746;31;0.13579825806451612
2024-12-08;GOOG;-0.351657;5;-0.0703314
2024-12-27;NVDA;1.121276;15;0.07475173333333333
2024-01-17;TSLA;-1.6997579999999999;14;-0.12141128571428571
2024-11-01;GOOG;0.07349399999999999;11;0.006681272727272727
2024-03-14;AAPL;0.6195419999999998;10;0.06195419999999998
2024-11-26;GOOG;0.6560790000000001;8;0.08200987500000001
2024-11-07;TSLA;-0.05975100000000007;12;-0.004979250000000005
2024-11-28;TSLA;-0.05148800000000009;9;-0.005720888888888899
2024-05-31;AAPL;-0.14383200000000007;10;-0.014383200000000007
2024-12-18;TSLA;0.8267709999999999;12;0.06889758333333333
2024-01-17;AAPL;0.5542770000000001;21;0.026394142857142863
2024-01-25;TSLA;-6.8394070000000005;39;-0.17536941025641026
2024-01-25;AAPL;1.9835639999999999;20;0.0991782
2024-01-07;AAPL;-0.51907;4;-0.1297675
2024-01-23;NVDA;4.355132;22;0.19796054545454547
2024-09-30;TSLA;-0.149738;14;-0.01069557142857143
2024-03-18;TSLA;-0.17370799999999992;18;-0.00965044444444444
2024-06-19;AAPL;0.935521;12;0.07796008333333333
2024-12-04;TSLA;-0.73658;6;-0.12276333333333334
2024-04-08;TSLA;-1.714426;20;-0.0857213
2024-12-12;NVDA;2.536241;20;0.12681205
2024-03-15;GOOG;-0.6343120000000001;9;-0.07047911111111112
2024-10-10;GOOG;0.716523;6;0.1194205
2024-12-09;NVDA;0.6549850000000002;20;0.03274925000000001
2024-06-06;TSLA;0.37359899999999996;12;0.031133249999999998
2024-11-23;NVDA;1.8681269999999999;19;0.09832247368421052
2024-12-12;O;-0.015014999999999973;2;-0.007507499999999986
2024-05-07;BA;-1.66795;5;-0.33359
2024-12-25;AAPL;0.5863179999999999;7;0.08375971428571427
2024-10-30;GOOG;2.5963589999999996;20;0.12981795
2024-05-07;TSLA;-1.3567710000000002;18;-0.07537616666666667
2024-10-07;GOOG;-0.8186609999999999;9;-0.09096233333333331
2024-10-02;TSLA;-0.40733500000000006;15;-0.02715566666666667
2024-10-03;TSLA;-0.595763;13;-0.04582792307692308
2024-07-09;TSLA;-0.4309599999999999;13;-0.03315076923076922
2024-07-09;NVDA;2.684298;22;0.12201354545454546
2024-07-20;TSLA;-0.5221250000000001;5;-0.10442500000000002
2024-06-21;TSLA;0.6930510000000001;16;0.043315687500000005
2024-12-12;GOOG;1.433336;11;0.1303032727272727
2024-01-11;NVDA;2.134272;11;0.1940247272727273
2024-09-16;NVDA;1.383861;17;0.08140358823529412
2024-11-19;GOOG;0.11965400000000001;11;0.010877636363636365
2024-11-04;AAPL;0.7354250000000001;13;0.056571153846153854
2024-09-17;GOOG;1.007348;11;0.0915770909090909
2024-10-12;TSLA;-0.560201;6;-0.09336683333333333
2024-02-19;TSLA;0.3169289999999999;15;0.021128599999999994
2024-10-08;TSLA;-0.18642099999999992;15;-0.012428066666666661
2024-10-29;NVDA;2.434262;20;0.12171309999999999
2024-03-28;TSLA;-2.164439;14;-0.1546027857142857
2024-10-15;NVDA;2.4225320000000004;29;0.08353558620689656
2024-07-15;TSLA;0.4885320000000001;13;0.03757938461538462
2024-07-08;TSLA;-0.8948940000000001;19;-0.04709968421052632
2024-12-07;TSLA;0.097771;4;0.02444275
2024-09-19;GOOG;0.300862;13;0.02314323076923077
2024-11-30;NVDA;0.735097;9;0.08167744444444444
2024-03-12;AAPL;-0.09716900000000017;12;-0.008097416666666682
2024-07-23;GOOG;1.4880629999999997;15;0.09920419999999998
2024-11-28;NVDA;2.279866;18;0.12665922222222223
2024-10-02;NVDA;5.714601;26;0.21979234615384616
2024-01-23;TSLA;-1.387526;17;-0.08161917647058824
2024-11-20;TSLA;0.660372;5;0.13207439999999998
2024-12-21;GOOG;0.18271199999999987;6;0.03045199999999998
2024-05-24;TSLA;-0.634727;13;-0.04882515384615385
2024-08-14;GOOG;-2.063258;12;-0.17193816666666664
2024-04-27;TSLA;-0.4219170000000001;17;-0.024818647058823536
2024-10-08;O;0.22164999999999999;1;0.22164999999999999
2024-06-11;GOOG;1.888216;17;0.1110715294117647
2024-01-30;TSLA;0.05350900000000017;22;0.0024322272727272803
2024-09-23;NVDA;2.4987390000000005;18;0.13881883333333336
2024-05-13;GOOG;-0.567568;12;-0.04729733333333333
2024-05-03;TSLA;-0.713183;11;-0.06483481818181819
2024-10-10;NVDA;3.8385;27;0.14216666666666666
2024-09-25;NVDA;1.4013510000000002;13;0.10779623076923078
2024-08-08;GOOG;0.1823849999999999;10;0.01823849999999999
2024-12-26;NVDA;2.777122;16;0.173570125
2024-11-22;NVDA;1.9084980000000002;22;0.0867499090909091
2024-03-17;TSLA;0.06312800000000002;7;0.009018285714285717
2024-08-13;GOOG;-0.9306829999999998;13;-0.07159099999999999
2024-03-19;TSLA;-1.383647;18;-0.07686927777777779
2024-07-30;GOOG;1.1002680000000002;16;0.06876675000000002
2024-08-25;TSLA;0.451354;4;0.1128385
2024-09-24;NVDA;2.960668;22;0.13457581818181819
2024-04-29;GOOG;3.9233700000000002;16;0.24521062500000002
2024-10-11;TSLA;-1.8711300000000002;24;-0.07796375000000001
2024-04-16;TSLA;-4.4826559999999995;18;-0.24903644444444442
2024-11-15;TSLA;-0.18581799999999993;13;-0.014293692307692302
2024-03-13;AAPL;0.29603900000000005;16;0.018502437500000003
2024-01-11;TSLA;-0.19918599999999997;17;-0.011716823529411764
2024-08-19;GOOG;0.359101;7;0.05130014285714286
2024-06-07;TSLA;0.04095999999999994;6;0.006826666666666657
2024-11-05;GOOG;1.8774549999999999;13;0.14441961538461537
2024-08-28;NVDA;4.549396999999999;60;0.07582328333333331
2024-03-20;TSLA;-0.8103849999999999;13;-0.062337307692307685
2024-05-09;TSLA;-1.105529;15;-0.07370193333333333
2024-01-15;TSLA;2.0407659999999996;12;0.1700638333333333
2024-05-13;TSLA;-0.758038;9;-0.08422644444444444
2024-07-10;TSLA;-0.832643;14;-0.0594745
2024-06-19;NVDA;4.882345000000001;24;0.2034310416666667
2024-05-15;NVDA;2.836561;19;0.14929268421052633
2024-03-09;TSLA;-1.044625;9;-0.11606944444444443
2024-04-28;TSLA;0.5928279999999999;13;0.04560215384615384
2024-03-01;TSLA;0.385868;11;0.03507890909090909
2024-05-23;NVDA;13.576378;50;0.27152756
2024-03-05;TSLA;-3.871931;27;-0.14340485185185184
2024-10-17;GOOG;-1.1585509999999999;11;-0.10532281818181817
2024-06-28;AAPL;0.29290799999999984;13;0.022531384615384602
2024-07-07;NVDA;2.138376;16;0.1336485
2024-05-31;GOOG;0.184643;9;0.02051588888888889
2024-09-25;TSLA;-0.21486099999999997;6;-0.035810166666666664
2024-11-05;TSLA;1.17247;13;0.09018999999999999
2024-08-29;GOOG;0.14200199999999996;10;0.014200199999999996
2024-03-20;NVDA;6.111169;43;0.14212020930232558
2024-07-26;TSLA;0.23641999999999996;9;0.026268888888888883
2024-11-08;TSLA;1.737302;14;0.124093
2024-08-17;TSLA;-0.22993;6;-0.038321666666666664
2024-11-20;NVDA;2.7336359999999997;39;0.07009323076923077
2024-11-11;TSLA;1.490211;12;0.12418425
2024-06-18;TSLA;-0.9384169999999997;14;-0.0670297857142857
2024-08-30;O;0.467341;2;0.2336705
2024-06-05;TSLA;-0.7808849999999998;17;-0.04593441176470587
2024-12-17;TSLA;1.677356;15;0.11182373333333334
2024-09-09;AAPL;1.308436;23;0.056888521739130435
2024-10-22;TSLA;-3.70862;15;-0.2472413333333333
2024-02-26;TSLA;-0.2743509999999999;20;-0.013717549999999995
2024-04-29;NVDA;0.8435489999999999;12;0.07029574999999999
2024-02-27;NVDA;5.02339;20;0.2511695
2024-11-13;GOOG;0.27912000000000015;8;0.03489000000000002
2024-03-13;TSLA;-2.8821760000000003;24;-0.12009066666666668
2024-05-20;TSLA;-2.775411;18;-0.1541895
2024-05-30;TSLA;-0.17864399999999997;13;-0.013741846153846151
2024-06-03;TSLA;-1.069359;10;-0.1069359
2024-02-17;TSLA;-0.07281300000000002;3;-0.024271000000000004
2024-05-06;TSLA;0.1008969999999999;16;0.006306062499999994
2024-10-02;GOOG;0.15175600000000006;11;0.013796000000000004
2024-12-17;NVDA;1.410031;27;0.05222337037037037
2024-03-02;TSLA;0.4164790000000001;10;0.04164790000000001
2024-02-22;BA;-0.5941080000000001;3;-0.19803600000000002
2024-08-03;TSLA;0.616793;10;0.061679300000000006
2024-12-20;NVDA;0.9806330000000001;12;0.08171941666666667
2024-03-06;TSLA;-2.0558629999999996;20;-0.10279314999999997
2024-04-02;TSLA;-2.2334009999999997;20;-0.11167004999999999
2024-09-23;GOOG;1.168855;5;0.233771
2024-02-15;TSLA;-0.1734460000000001;14;-0.012389000000000008
2024-12-07;GOOG;0.6602129999999999;4;0.16505324999999998
2024-11-07;NVDA;2.876016;24;0.119834
2024-04-04;AAPL;1.022532;8;0.1278165
2024-05-19;TSLA;0.07509800000000005;5;0.015019600000000011
2024-08-07;TSLA;0.746401;10;0.0746401
2024-05-02;TSLA;-2.473151;13;-0.19024238461538462
2024-11-06;TSLA;2.74266;15;0.18284399999999998
2024-10-01;GOOG;0.05039199999999999;12;0.004199333333333333
2024-09-29;NVDA;0.46696099999999996;10;0.0466961
2024-12-31;TSLA;0.7288030000000001;12;0.06073358333333334
2024-04-06;TSLA;-1.4505;12;-0.120875
2024-10-24;GOOG;0.279796;9;0.031088444444444443
2024-03-17;NVDA;1.296885;16;0.0810553125
2024-08-14;NVDA;0.837807;13;0.0644466923076923
2024-11-12;TSLA;-0.9927220000000001;18;-0.055151222222222226
2024-04-30;GOOG;1.0293860000000001;11;0.09358054545454547
2024-11-11;NVDA;0.649077;16;0.0405673125
2024-02-26;NVDA;2.8215440000000003;24;0.11756433333333334
2024-09-06;TSLA;-0.685392;9;-0.07615466666666666
2024-01-03;TSLA;0.1915249999999998;19;0.010080263157894726
2024-02-12;TSLA;-2.343007;20;-0.11715035
2024-04-15;GOOG;0.340746;7;0.048678
2024-08-08;TSLA;-0.42242499999999994;6;-0.07040416666666666
2024-10-21;GOOG;0.638703;5;0.1277406
2024-10-14;GOOG;0.701168;5;0.1402336
2024-03-01;NVDA;5.519821;29;0.1903386551724138
2024-09-18;TSLA;-0.47639600000000004;5;-0.09527920000000001
2024-10-08;GOOG;0.7562430000000001;11;0.06874936363636365
2024-10-16;NVDA;3.744375;31;0.12078629032258063
2024-08-26;TSLA;0.24117599999999997;5;0.04823519999999999
2024-06-28;TSLA;0.291225;8;0.036403125
2024-04-12;O;0.077818;1;0.077818
2024-08-01;AAPL;1.073793;12;0.08948275
2024-10-09;GOOG;-0.534942;7;-0.07642028571428572
2024-10-29;GOOG;2.956433;17;0.17390782352941178
2024-07-25;TSLA;-2.811499;20;-0.14057495
2024-05-04;TSLA;1.3411380000000002;13;0.10316446153846155
2024-07-11;TSLA;1.3140580000000002;26;0.050540692307692314
2024-12-09;TSLA;2.933688;14;0.20954914285714285
2024-08-21;TSLA;-0.17146600000000012;17;-0.010086235294117655
2024-10-31;TSLA;0.390178;12;0.03251483333333333
2024-02-02;AAPL;1.1213699999999998;25;0.04485479999999999
2024-04-30;TSLA;-2.13294;28;-0.07617642857142858
2024-04-20;TSLA;-1.206832;8;-0.150854
2024-12-16;TSLA;1.9770989999999997;20;0.09885494999999998
2024-08-22;TSLA;-2.519171;13;-0.1937823846153846
2024-03-08;TSLA;-1.646582;16;-0.102911375
2024-04-12;TSLA;-0.509325;17;-0.02996029411764706
2024-08-21;GOOG;0.9227169999999998;11;0.08388336363636362
2024-09-03;GOOG;0.17450599999999997;8;0.021813249999999996
2024-11-04;NVDA;2.853603;26;0.10975396153846154
2024-10-23;TSLA;-0.49318000000000006;23;-0.021442608695652177
2024-12-10;NVDA;1.9025600000000003;25;0.07610240000000001
2024-04-25;TSLA;-0.3134810000000001;15;-0.020898733333333343
2024-03-16;AAPL;0.25488;5;0.050976
2024-01-19;NVDA;3.665591;10;0.3665591
2024-05-17;GOOG;0.9882099999999999;8;0.12352624999999999
2024-04-25;GOOG;2.17644;15;0.145096
2024-12-16;GOOG;0.48621099999999995;8;0.060776374999999994
2024-11-25;TSLA;-0.8579729999999998;13;-0.06599792307692307
2024-09-09;TSLA;0.30115100000000006;10;0.030115100000000006
2024-12-25;TSLA;0.026839999999999996;7;0.0038342857142857137
2024-03-18;GOOG;3.205315;22;0.14569613636363637
2024-07-31;GOOG;0.35011300000000006;10;0.03501130000000001
2024-12-29;TSLA;0.156001;4;0.03900025
2024-12-21;NVDA;2.747122;22;0.12486918181818182
2024-11-27;NVDA;3.007593;19;0.15829436842105263
2024-05-28;NVDA;4.859780000000001;30;0.1619926666666667
2024-05-15;GOOG;-0.137563;8;-0.017195375
2024-01-31;TSLA;-0.405722;23;-0.01764008695652174
2024-04-08;NVDA;3.137851;18;0.17432505555555555
2024-06-27;NVDA;3.8425369999999996;29;0.13250127586206895
2024-03-22;TSLA;-2.050022;15;-0.13666813333333333
2024-09-12;NVDA;2.4314389999999997;21;0.11578280952380951
2024-04-23;TSLA;-3.1456870000000006;26;-0.12098796153846156
2024-08-27;GOOG;0.477648;9;0.053072
2024-10-30;TSLA;0.5053880000000001;9;0.05615422222222223
2024-08-15;TSLA;0.6508980000000001;11;0.059172545454545464
2024-07-10;NVDA;4.324577000000001;29;0.1491233448275862
2024-04-17;TSLA;-1.812465;17;-0.10661558823529411
2024-07-23;TSLA;-1.585945;24;-0.06608104166666666
2024-08-27;AAPL;1.797472;18;0.09985955555555555
2024-09-07;TSLA;0.09955100000000004;8;0.012443875000000005
2024-03-06;NVDA;3.018265;26;0.11608711538461539
2024-06-04;TSLA;-0.24856199999999998;7;-0.03550885714285714
2024-07-29;TSLA;-0.19806;12;-0.016505000000000002
2024-07-08;NVDA;3.807344;21;0.18130209523809523
2024-03-12;NVDA;3.1955160000000005;22;0.14525072727272728
2024-03-26;TSLA;0.1354890000000002;24;0.005645375000000008
2024-08-01;TSLA;0.42490700000000003;10;0.042490700000000006
2024-03-08;NVDA;2.2208669999999997;19;0.11688773684210525
2024-07-22;GOOG;1.109226;14;0.07923042857142858
2024-10-15;TSLA;-0.8895369999999999;15;-0.05930246666666666
2024-04-19;TSLA;-3.767741;19;-0.19830215789473685
2024-09-19;TSLA;0.1615390000000001;13;0.01242607692307693
2024-01-31;AAPL;-0.7117269999999998;13;-0.05474823076923075
2024-09-24;TSLA;0.60345;13;0.046419230769230775
2024-08-19;AAPL;0.5746640000000001;11;0.052242181818181826
2024-08-27;NVDA;4.428191000000001;31;0.14284487096774195
2024-06-26;AAPL;1.913097;13;0.1471613076923077
2024-04-13;TSLA;-0.923249;5;-0.1846498
2024-11-26;TSLA;-0.355511;11;-0.03231918181818182
2024-03-16;TSLA;-0.501147;14;-0.035796214285714285
2024-04-04;NVDA;1.223011;18;0.06794505555555556
2024-02-20;TSLA;-0.875511;13;-0.067347
2024-03-11;NVDA;1.326598;29;0.045744758620689656
2024-04-09;TSLA;-0.8891800000000001;15;-0.059278666666666674
2024-12-25;GOOG;0.464529;6;0.0774215
2024-12-05;GOOG;0.07242800000000005;6;0.012071333333333342
2024-09-05;NVDA;2.7528849999999996;29;0.09492706896551723
2024-06-19;TSLA;-0.287638;6;-0.047939666666666665
2024-10-10;TSLA;-0.127324;16;-0.00795775
2024-05-17;NVDA;2.653419;17;0.1560834705882353
2024-08-26;GOOG;0.24973799999999996;8;0.031217249999999995
2024-09-24;GOOG;2.3884550000000004;13;0.18372730769230772
2024-07-22;TSLA;-1.872125;19;-0.09853289473684211
2024-11-12;NVDA;2.8422599999999996;26;0.1093176923076923
2024-03-12;TSLA;-2.796062;21;-0.13314580952380953
2024-09-19;NVDA;4.147212000000001;27;0.15360044444444446
2024-02-11;TSLA;-1.2445;7;-0.17778571428571427
2024-04-26;TSLA;-2.414478;15;-0.1609652
2024-02-29;BA;-0.6124340000000001;3;-0.20414466666666672
2024-01-09;TSLA;-0.840051;14;-0.06000364285714286
2024-08-12;NVDA;1.043804;16;0.06523775
2024-10-21;TSLA;-1.104573;17;-0.06497488235294117
2024-10-17;AAPL;0.46204700000000004;14;0.03300335714285715
2024-06-18;GOOG;0.3680319999999999;10;0.036803199999999994
2024-01-07;TSLA;-0.16893599999999992;5;-0.03378719999999998
2024-05-22;NVDA;4.048335;27;0.1499383333333333
2024-11-13;NVDA;3.3157640000000006;22;0.1507165454545455
2024-04-19;NVDA;0.05396000000000002;17;0.0031741176470588247
2024-10-11;NVDA;3.9989790000000003;22;0.18177177272727274
2024-07-25;GOOG;-0.6025;6;-0.10041666666666667
2024-06-20;TSLA;-0.49756399999999995;11;-0.0452330909090909
2024-05-22;GOOG;0.41973200000000005;12;0.03497766666666667
2024-05-17;TSLA;-0.9052429999999999;24;-0.03771845833333333
2024-06-06;AAPL;1.2015479999999998;9;0.1335053333333333
2024-08-20;NVDA;0.9821740000000001;18;0.05456522222222223
2024-10-08;NVDA;4.603512000000001;26;0.1770581538461539
2024-04-12;NVDA;2.9752940000000003;26;0.11443438461538463
2024-06-25;TSLA;-0.090509;11;-0.008228090909090909
2024-04-03;TSLA;-8.556657;24;-0.356527375
2024-09-11;TSLA;0.855459;7;0.12220842857142857
2024-09-02;TSLA;-0.48311400000000004;7;-0.06901628571428572
2024-05-14;GOOG;0.540579;20;0.027028950000000003
2024-06-10;TSLA;-0.08441199999999997;13;-0.006493230769230767
2024-03-05;GOOG;-0.03377499999999989;12;-0.002814583333333324
2024-02-15;GOOG;-0.36060899999999996;11;-0.03278263636363636
2024-10-24;TSLA;3.3017939999999997;23;0.14355626086956522
2024-11-19;NVDA;3.641794;35;0.10405125714285714
2024-09-16;GOOG;0.7226070000000001;13;0.055585153846153854
2024-03-29;TSLA;-1.45676;12;-0.12139666666666667
2024-11-13;TSLA;2.131024;14;0.152216
2024-07-19;GOOG;0.32169800000000004;6;0.05361633333333334
2024-03-17;AAPL;0.5515650000000001;4;0.13789125000000002
2024-07-04;TSLA;0.04988300000000001;4;0.012470750000000003
2024-02-10;TSLA;-0.30809600000000004;4;-0.07702400000000001
2024-11-21;GOOG;-1.296728;9;-0.1440808888888889
2024-04-15;TSLA;-5.313662;20;-0.2656831
2024-01-09;BA;-1.407282;7;-0.2010402857142857
2024-02-02;TSLA;-1.810826;15;-0.12072173333333333
2024-09-25;O;0.072602;2;0.036301
2024-06-12;BA;-0.316192;2;-0.158096
2024-03-27;O;-0.06613200000000001;1;-0.06613200000000001
2024-08-25;AAPL;0.5081220000000001;6;0.08468700000000001
2024-07-02;BA;0.9465609999999998;6;0.15776016666666662
2024-08-04;GOOG;0.792176;7;0.113168
2024-06-11;BA;-0.63764;2;-0.31882
2024-10-06;NVDA;1.547644;16;0.09672775
2024-05-18;O;0.04977299999999999;1;0.04977299999999999
2024-08-11;GOOG;-0.595337;10;-0.0595337
2024-08-04;NVDA;1.051084;13;0.08085261538461538
2024-07-15;O;0.325247;2;0.1626235
2024-08-18;NVDA;1.299968;16;0.081248
2024-10-27;TSLA;0.2756819999999999;4;0.06892049999999998
2024-09-04;AAPL;0.169461;5;0.0338922
2024-07-16;O;0.11683800000000001;2;0.058419000000000006
2024-08-05;O;0.06223599999999999;2;0.031117999999999996
2024-07-04;BA;-0.660527;1;-0.660527
2024-01-20;O;0.361464;3;0.120488
2024-10-12;NVDA;1.906646;15;0.12710973333333334
2024-11-22;TSLA;1.090292;9;0.12114355555555556
2024-07-16;GOOG;1.6486899999999998;8;0.20608624999999997
2024-07-27;TSLA;-1.031512;6;-0.17191866666666666
2024-10-26;O;0.23810900000000002;3;0.07936966666666667
2024-06-06;GOOG;0.8287549999999999;6;0.1381258333333333
2024-03-14;O;0.029388;1;0.029388
2024-03-08;GOOG;0.134;4;0.0335
2024-06-30;O;-0.36219100000000004;3;-0.12073033333333334
2024-07-09;BA;-1.774568;4;-0.443642
2024-03-07;O;0.17807800000000001;1;0.17807800000000001
2024-11-16;GOOG;0.323992;4;0.080998
2024-07-11;NVDA;3.193134;16;0.199570875
2024-01-26;O;0.15498;1;0.15498
2024-10-04;NVDA;2.3413980000000003;21;0.11149514285714288
2024-11-21;AAPL;0.47512299999999996;6;0.07918716666666666
2024-11-10;GOOG;-0.12623900000000002;4;-0.031559750000000004
2024-08-06;NVDA;0.4912609999999999;21;0.023393380952380947
2024-06-07;BA;-0.025445000000000002;1;-0.025445000000000002
2024-08-10;NVDA;1.301908;13;0.10014676923076923
2024-06-13;GOOG;-0.4337339999999999;10;-0.04337339999999999
2024-12-15;GOOG;0.9093629999999999;10;0.0909363
2024-09-05;AAPL;1.3713929999999999;11;0.1246720909090909
2024-12-04;O;0.6137990000000001;2;0.30689950000000005
2024-03-30;O;0.045576;1;0.045576
2024-07-02;AAPL;0.06961099999999995;11;0.006328272727272723
2024-07-14;NVDA;1.6195750000000002;23;0.0704163043478261
2024-06-01;TSLA;-0.35150800000000004;9;-0.03905644444444445
2024-09-27;TSLA;1.6128069999999999;6;0.26880116666666665
2024-06-19;BA;-0.6400000000000001;1;-0.6400000000000001
2024-04-04;TSLA;-0.8627549999999999;13;-0.06636576923076923
2024-03-10;NVDA;2.5811990000000002;21;0.1229142380952381
2024-05-19;NVDA;1.1800750000000002;13;0.09077500000000002
2024-08-04;TSLA;-0.14323200000000003;4;-0.035808000000000006
2024-07-11;BA;-1.0128439999999999;3;-0.3376146666666666
2024-02-27;GOOG;0.26367799999999997;11;0.02397072727272727
2024-04-03;NVDA;1.172333;19;0.06170173684210527
2024-09-01;NVDA;1.1725260000000002;11;0.10659327272727274
2024-11-10;O;0.272673;3;0.090891
2024-10-05;TSLA;-0.19962300000000008;9;-0.022180333333333344
2024-09-21;GOOG;0.46732799999999997;5;0.0934656
2024-06-14;BA;-1.209042;2;-0.604521
2024-05-26;GOOG;0.8497779999999999;9;0.09441977777777777
2024-11-02;GOOG;-0.235137;4;-0.05878425
2024-09-29;TSLA;0.535659;2;0.2678295
2024-03-28;O;0.15103;4;0.0377575
2024-09-14;NVDA;-0.10490100000000004;15;-0.006993400000000002
2024-04-14;O;0.117045;1;0.117045
2024-01-28;NVDA;2.5878550000000002;14;0.18484678571428573
2024-10-17;NVDA;3.130662;21;0.14907914285714285
2024-01-07;NVDA;0.27334;4;0.068335
2024-01-03;O;0.254714;2;0.127357
2024-10-07;TSLA;0.4789970000000001;12;0.039916416666666676
2024-12-19;NVDA;2.511756;21;0.11960742857142857
2024-05-08;NVDA;1.0702180000000001;10;0.10702180000000001
2024-09-02;O;0.036425;1;0.036425
2024-03-30;NVDA;1.0857610000000002;9;0.12064011111111113
2024-05-28;O;0.16227399999999997;1;0.16227399999999997
2024-12-18;GOOG;1.1388340000000001;15;0.07592226666666667
2024-08-09;TSLA;-0.26954399999999995;11;-0.024503999999999995
2024-08-31;O;0.344355;4;0.08608875
2024-02-23;O;-0.171312;1;-0.171312
2024-09-26;NVDA;2.1964119999999996;15;0.14642746666666664
2024-04-26;O;-0.126021;1;-0.126021
2024-06-10;BA;0.190484;2;0.095242
2024-03-29;NVDA;1.73373;13;0.13336384615384617
2024-06-01;NVDA;5.426554;22;0.24666154545454547
2024-01-01;O;0.112407;1;0.112407
2024-06-05;GOOG;-0.10763900000000004;7;-0.015377000000000005
2024-08-08;NVDA;0.322704;18;0.017928
2024-10-27;NVDA;1.4555209999999998;14;0.1039657857142857
2024-12-07;O;0.684204;3;0.22806800000000002
2024-06-08;O;0.36720800000000003;3;0.12240266666666667
2024-08-06;AAPL;-0.511259;9;-0.056806555555555555
2024-02-17;NVDA;2.080882;14;0.14863442857142856
2024-10-03;NVDA;2.21084;20;0.110542
2024-08-11;AAPL;-0.212691;12;-0.01772425
2024-05-11;O;0.15620900000000004;4;0.03905225000000001
2024-06-09;NVDA;3.119933;22;0.14181513636363638
2024-12-13;NVDA;2.170356;18;0.12057533333333333
2024-10-23;NVDA;2.5193969999999997;23;0.10953899999999998
2024-12-15;NVDA;3.143224;17;0.1848955294117647
2024-03-03;NVDA;2.8807690000000004;17;0.16945700000000002
2024-01-30;AAPL;1.3335720000000002;14;0.09525514285714287
2024-04-25;NVDA;2.175437;16;0.1359648125
2024-10-19;NVDA;2.074551;13;0.15958084615384616
2024-01-08;O;0.213667;4;0.05341675
2024-01-31;O;0.33079600000000003;3;0.11026533333333334
2024-10-26;NVDA;1.5680240000000003;9;0.17422488888888893
2024-07-27;NVDA;1.622278;12;0.13518983333333334
2024-12-25;O;-0.014932;2;-0.007466
2024-06-18;BA;-1.546743;4;-0.38668575
2024-02-24;NVDA;3.1884729999999997;20;0.15942364999999997
2024-01-25;O;0.30984;3;0.10328
2024-07-02;GOOG;0.7428170000000001;7;0.1061167142857143
2024-07-29;GOOG;-0.124776;8;-0.015597
2024-08-13;AAPL;0.566368;10;0.0566368
2024-05-02;NVDA;2.8388340000000003;19;0.1494123157894737
2024-02-09;NVDA;1.573155;10;0.1573155
2024-06-09;GOOG;0.792878;6;0.13214633333333334
2024-09-18;O;-0.010472;1;-0.010472
2024-07-03;BA;-0.03589600000000001;2;-0.017948000000000006
2024-03-12;O;0.059975999999999995;1;0.059975999999999995
2024-06-26;BA;-1.400372;3;-0.46679066666666663
2024-09-22;NVDA;1.35198;19;0.07115684210526316
2024-12-30;TSLA;0.3079259999999999;12;0.025660499999999992
2024-01-30;NVDA;1.429266;16;0.089329125
2024-08-25;O;0.375685;2;0.1878425
2024-05-19;GOOG;1.2401510000000002;10;0.12401510000000002
2024-09-09;NVDA;0.13533800000000012;25;0.005413520000000005
2024-06-02;NVDA;7.514619000000001;33;0.2277157272727273
2024-05-20;NVDA;3.623387;20;0.18116935
2024-01-18;TSLA;-2.269702;14;-0.16212157142857145
2024-03-10;TSLA;-0.150582;4;-0.0376455
2024-10-01;TSLA;0.99921;14;0.07137214285714286
2024-03-01;O;0.039615;1;0.039615
2024-07-19;O;0.076791;1;0.076791
2024-01-15;NVDA;1.960741;12;0.16339508333333333
2024-11-10;NVDA;0.9081350000000002;15;0.06054233333333335
2024-08-28;TSLA;-1.1560610000000002;8;-0.14450762500000003
2024-07-03;AAPL;1.245547;10;0.12455469999999999
2024-06-16;TSLA;-1.251596;5;-0.25031919999999996
2024-12-14;GOOG;0.551707;6;0.09195116666666665
2024-12-28;NVDA;2.8926369999999997;16;0.18078981249999998
2024-01-10;O;0.471545;3;0.15718166666666666
2024-12-03;NVDA;2.6296850000000003;22;0.11953113636363638
2024-12-21;O;0.232333;5;0.046466600000000004
2024-05-05;GOOG;3.3177580000000004;16;0.20735987500000003
2024-06-21;NVDA;4.6675130000000005;36;0.1296531388888889
2024-12-08;TSLA;0.128888;2;0.064444
2024-10-13;NVDA;1.703028;15;0.1135352
2024-03-23;NVDA;1.914181;13;0.1472446923076923
2024-07-13;O;0.063028;3;0.021009333333333335
2024-07-10;BA;-0.543354;1;-0.543354
2024-01-05;NVDA;1.5223490000000002;9;0.1691498888888889
2024-08-31;GOOG;0.10135900000000002;7;0.014479857142857145
2024-12-07;AAPL;0.578964;6;0.09649400000000001
2024-07-18;GOOG;-0.24150000000000002;6;-0.04025
2024-12-14;TSLA;0.25964399999999993;8;0.03245549999999999
2024-12-01;NVDA;0.97514;13;0.07501076923076923
2024-07-14;AAPL;0.570978;7;0.08156828571428572
2024-11-02;O;0.070263;1;0.070263
2024-11-23;GOOG;0.19285799999999997;2;0.09642899999999999
2024-03-09;AAPL;-0.40298699999999993;6;-0.06716449999999999
2024-01-24;O;-0.04628700000000001;1;-0.04628700000000001
2024-01-06;O;0.12476400000000001;1;0.12476400000000001
2024-10-13;O;0.210018;4;0.0525045
2024-09-27;NVDA;1.860493;22;0.08456786363636364
2024-06-15;NVDA;2.0371810000000004;15;0.1358120666666667
2024-10-23;GOOG;0.441163;8;0.055145375
2024-05-18;NVDA;2.0601350000000003;10;0.20601350000000002
2024-07-17;AAPL;0.6860110000000001;14;0.049000785714285726
2024-12-22;NVDA;1.7170310000000002;19;0.09037005263157896
2024-05-02;GOOG;1.7325780000000002;13;0.13327523076923078
2024-10-18;NVDA;2.475327;19;0.13028036842105264
2024-08-21;O;-0.028946;1;-0.028946
2024-11-23;TSLA;0.44319600000000003;4;0.11079900000000001
2024-10-30;AAPL;0.010830999999999952;8;0.001353874999999994
2024-07-08;BA;-0.294906;4;-0.0737265
2024-06-25;BA;-0.8260990000000001;3;-0.2753663333333334
2024-09-07;NVDA;1.892786;26;0.07279946153846154
2024-10-31;NVDA;2.465915;20;0.12329575
2024-06-10;GOOG;1.2191859999999999;7;0.17416942857142856
2024-07-01;BA;-0.19753299999999988;7;-0.028218999999999984
2024-11-13;AAPL;0.41814399999999996;8;0.052267999999999995
2024-06-06;BA;-0.2305050000000001;3;-0.07683500000000003
2024-11-01;NVDA;0.8994930000000001;17;0.05291135294117648
2024-11-16;NVDA;1.2620870000000002;14;0.09014907142857144
2024-12-14;NVDA;1.508681;17;0.08874594117647058
2024-08-25;NVDA;2.2900210000000003;17;0.13470711764705884
2024-05-05;NVDA;1.327113;12;0.11059275
2024-07-02;NVDA;3.3817490000000006;21;0.1610356666666667
2024-06-14;NVDA;2.872849;20;0.14364245
2024-08-17;NVDA;0.273156;12;0.022763000000000002
2024-07-05;BA;0.128712;1;0.128712
2024-08-02;NVDA;-0.5260789999999999;25;-0.021043159999999995
2024-12-08;NVDA;2.4159260000000002;19;0.12715400000000002
2024-06-24;BA;-0.6007319999999999;2;-0.30036599999999997
2024-09-07;GOOG;0.173158;4;0.0432895
2024-11-16;O;0.290513;3;0.09683766666666667
2024-08-12;GOOG;0.780647;14;0.0557605
2024-12-03;GOOG;0.42273400000000005;7;0.06039057142857144
2024-06-09;AAPL;0.621515;8;0.077689375
2024-11-06;O;0.576368;2;0.288184
2024-07-18;O;0.12113099999999999;2;0.060565499999999994
2024-09-13;TSLA;-0.27116199999999996;6;-0.04519366666666666
2024-09-06;NVDA;0.0705589999999997;24;0.002939958333333321
2024-04-21;NVDA;1.343342;15;0.08955613333333333
2024-05-11;NVDA;1.982347;10;0.1982347
2024-09-04;GOOG;0.789972;6;0.131662
2024-09-20;GOOG;0.16622600000000004;4;0.04155650000000001
2024-09-18;NVDA;2.6952670000000003;24;0.11230279166666668
2024-12-29;NVDA;2.7160539999999997;16;0.16975337499999998
2024-12-21;TSLA;-0.100074;8;-0.01250925
2024-01-15;AAPL;-0.22640000000000016;9;-0.025155555555555573
2024-03-25;O;-0.02736;1;-0.02736
2024-03-02;O;0.373124;2;0.186562
2024-04-13;O;-0.07404700000000003;3;-0.024682333333333344
2024-05-26;NVDA;2.377277;19;0.12511984210526314
2024-07-16;AAPL;1.234868;10;0.12348680000000001
2024-07-12;BA;0.340129;3;0.11337633333333334
2024-10-29;TSLA;0.5611270000000002;11;0.05101154545454547
2024-03-02;NVDA;2.955445;22;0.1343384090909091
2024-07-28;GOOG;1.264534;9;0.14050377777777778
2024-05-25;TSLA;0.11657;3;0.038856666666666664
2024-07-30;NVDA;1.550495;27;0.05742574074074074
2024-04-06;O;0.25;1;0.25
2024-07-13;NVDA;2.055568;11;0.1868698181818182
2024-11-25;O;-0.044441999999999995;2;-0.022220999999999998
2024-03-09;NVDA;2.028064;18;0.11267022222222223
2024-07-04;GOOG;1.1266930000000002;7;0.16095614285714288
2024-04-17;NVDA;3.2074770000000004;22;0.1457944090909091
2024-08-12;AAPL;0.8922429999999999;9;0.0991381111111111
2024-08-27;TSLA;-0.413801;14;-0.029557214285714284
2024-06-16;O;0.04439800000000001;1;0.04439800000000001
2024-10-07;NVDA;0.719957;14;0.0514255
2024-01-25;NVDA;3.884187;15;0.2589458
2024-09-14;TSLA;0.151007;5;0.0302014
2024-08-21;NVDA;3.5910940000000005;23;0.15613452173913045
2024-04-02;NVDA;2.013026;14;0.14378757142857143
2024-05-14;NVDA;2.852643;20;0.14263215
2024-10-31;GOOG;1.241101;8;0.155137625
2024-07-27;AAPL;1.21557;4;0.3038925
2024-05-27;TSLA;-0.6878089999999999;7;-0.09825842857142855
2024-05-04;NVDA;1.222807;9;0.13586744444444443
2024-11-15;GOOG;0.549676;7;0.07852514285714286
2024-07-27;O;0.452044;3;0.15068133333333333
2024-01-22;NVDA;2.3038649999999996;16;0.14399156249999998
2024-10-11;AAPL;-0.34516900000000006;13;-0.026551461538461545
2024-03-31;GOOG;0.45199500000000004;6;0.07533250000000001
2024-06-04;BA;-0.385586;3;-0.12852866666666665
2024-06-24;O;0.306833;2;0.1534165
2024-12-04;NVDA;2.558486;24;0.10660358333333332
2025-06-21;O;11.945615;109;0.10959279816513762
2024-05-28;TSLA;-1.724587;11;-0.15678063636363637
2025-06-21;NVDA;258.5049090000002;2129;0.12142081211836553
2025-06-21;BA;9.209898999999998;289;0.03186816262975778
2024-01-29;AAPL;0.5724839999999999;18;0.03180466666666666
2024-12-30;AAPL;-0.1931520000000001;7;-0.02759314285714287
2024-04-24;GOOG;0.7644949999999999;11;0.06949954545454545
2024-04-25;AAPL;-0.688879;6;-0.11481316666666667
2025-06-21;GOOG;119.05250800000006;812;0.14661638916256164
2025-06-21;TSLA;12.328743000000001;549;0.022456726775956285
2024-04-23;GOOG;0.17777199999999999;5;0.0355544
2025-06-21;AAPL;47.443099999999994;676;0.07018210059171597
2024-07-29;AAPL;0.010859000000000119;12;0.0009049166666666766
2024-01-18;NVDA;1.6236160000000002;11;0.14760145454545456
2024-06-28;GOOG;-0.385754;3;-0.12858466666666665
2024-12-27;AAPL;0.21138999999999997;11;0.019217272727272725
2024-02-21;BA;0.47799800000000003;3;0.15933266666666668
2024-08-01;GOOG;1.082494;10;0.10824940000000001
2024-01-06;TSLA;0.12210000000000001;3;0.04070000000000001
2024-07-10;AAPL;1.146688;11;0.10424436363636364
2024-09-02;AAPL;0.294687;11;0.02678972727272727
2024-08-07;GOOG;1.4933130000000001;12;0.12444275
2024-12-31;AAPL;1.258466;8;0.15730825
2024-01-20;TSLA;-0.7507309999999999;6;-0.12512183333333332
2024-05-11;GOOG;-0.14927100000000001;5;-0.029854200000000004
2024-09-06;GOOG;0.454019;7;0.06485985714285715
2024-03-20;GOOG;-0.30259299999999995;10;-0.030259299999999996
2024-08-16;TSLA;-0.029172000000000003;5;-0.005834400000000001
2024-12-09;GOOG;1.752053;10;0.1752053
2024-02-28;BA;-0.42816299999999996;2;-0.21408149999999998
2024-09-05;GOOG;0.7117260000000001;6;0.11862100000000002
2024-11-24;TSLA;0.262417;4;0.06560425
2024-02-23;AAPL;-0.18789000000000006;9;-0.020876666666666672
2024-03-20;AAPL;-1.0531679999999999;10;-0.10531679999999999
2024-08-05;GOOG;0.018071000000000004;12;0.001505916666666667
2024-03-11;GOOG;0.5542390000000001;12;0.04618658333333334
2024-10-15;O;0.355265;2;0.1776325
2024-12-03;AAPL;1.4252839999999998;13;0.10963723076923075
2024-10-06;GOOG;0.06369200000000001;5;0.012738400000000002
2024-12-17;AAPL;0.2814709999999999;9;0.03127455555555555
2024-09-20;AAPL;0.17608899999999994;7;0.02515557142857142
2024-07-31;AAPL;-0.293204;5;-0.05864080000000001
2024-12-19;TSLA;0.65868;10;0.06586800000000001
2024-07-06;TSLA;0.06417899999999993;6;0.010696499999999989
2024-08-18;GOOG;0.19441500000000003;6;0.03240250000000001
2024-01-28;TSLA;0.10727899999999999;3;0.03575966666666666
2024-04-16;NVDA;0.532292;11;0.04839018181818182
2024-11-28;O;0.10374000000000001;2;0.051870000000000006
2024-10-11;GOOG;0.6615500000000001;7;0.09450714285714287
2024-08-10;GOOG;0.20272500000000004;8;0.025340625000000006
2024-12-30;NVDA;1.6994399999999998;15;0.113296
2024-05-08;GOOG;1.637024;10;0.1637024
2024-10-28;GOOG;1.245754;12;0.10381283333333334
2024-06-25;AAPL;-0.41432499999999994;9;-0.046036111111111104
2024-01-03;NVDA;1.295472;16;0.080967
2024-11-25;GOOG;-0.007327999999999973;2;-0.0036639999999999867
2024-08-15;AAPL;0.650971;8;0.081371375
2024-11-18;GOOG;0.9502970000000001;14;0.06787835714285714
2024-09-06;AAPL;0.3509;9;0.038988888888888885
2024-01-05;AAPL;-1.793669;14;-0.1281192142857143
2024-05-16;TSLA;-1.2515920000000003;10;-0.12515920000000003
2024-07-03;GOOG;1.12375;6;0.18729166666666666
2024-03-25;AAPL;-0.28525399999999995;9;-0.031694888888888884
2024-03-02;GOOG;0.616525;8;0.077065625
2024-07-21;TSLA;-0.19612200000000002;4;-0.049030500000000005
2024-10-04;AAPL;1.360223;8;0.170027875
2024-07-30;TSLA;-0.49004799999999993;12;-0.04083733333333333
2024-06-23;TSLA;-0.247585;2;-0.1237925
2024-07-01;TSLA;0.403887;12;0.03365725
2024-09-13;GOOG;0.05397300000000002;9;0.005997000000000002
2024-05-05;TSLA;-0.6630130000000001;9;-0.07366811111111111
2024-10-28;NVDA;2.337421;15;0.15582806666666665
2024-06-24;AAPL;1.4303109999999997;13;0.11002392307692305
2024-07-22;O;-0.1028;1;-0.1028
2024-09-23;TSLA;1.1518260000000002;9;0.1279806666666667
2024-12-27;TSLA;-0.15616799999999997;8;-0.019520999999999997
2024-03-08;AAPL;-0.24134500000000014;16;-0.015084062500000009
2024-11-29;GOOG;0.24193;6;0.040321666666666665
2024-10-25;TSLA;0.520705;10;0.0520705
2024-07-26;GOOG;0.10863499999999998;11;0.00987590909090909
2024-06-15;AAPL;0.780306;8;0.09753825
2024-05-23;TSLA;-1.65132;17;-0.09713647058823528
2024-09-25;GOOG;-0.7039709999999999;7;-0.1005672857142857
2024-07-28;AAPL;0.605221;10;0.0605221
2024-10-16;TSLA;0.417929;13;0.03214838461538461
2024-08-29;AAPL;2.028496;10;0.20284960000000002
2024-06-15;TSLA;0.383469;4;0.09586725
2024-11-20;BA;0.0;1;0.0
2024-12-11;AAPL;2.3848860000000003;13;0.18345276923076925
2024-03-03;AAPL;-0.387427;11;-0.035220636363636364
2024-12-24;GOOG;0.645529;5;0.1291058
2024-03-03;TSLA;-0.03235099999999999;6;-0.005391833333333332
2024-01-17;O;-0.288717;1;-0.288717
2024-07-14;TSLA;-0.25;1;-0.25
2024-08-18;AAPL;0.860811;6;0.1434685
2024-06-21;GOOG;0.958;5;0.1916
2024-03-03;GOOG;0.219005;7;0.03128642857142857
2024-06-24;GOOG;0.209528;7;0.029932571428571426
2024-11-12;AAPL;0.5165190000000001;13;0.03973223076923078
2024-07-17;TSLA;-0.822713;16;-0.0514195625
2024-08-02;TSLA;-0.16280400000000003;11;-0.01480036363636364
2024-12-15;TSLA;0.642809;4;0.16070225
2024-08-28;GOOG;0.726035;8;0.090754375
2024-11-07;GOOG;0.396738;9;0.044081999999999996
2024-04-03;GOOG;1.246705;8;0.155838125
2024-12-06;TSLA;0.895806;9;0.099534
2024-06-02;AAPL;0.7656440000000001;10;0.0765644
2024-08-22;GOOG;0.629494;11;0.05722672727272727
2024-09-30;NVDA;1.529935;12;0.12749458333333333
2024-06-29;TSLA;-0.05742699999999998;8;-0.007178374999999997
2024-01-27;TSLA;-0.8091090000000001;12;-0.06742575
2024-04-26;GOOG;4.955277;19;0.2608040526315789
2024-11-12;GOOG;1.1238080000000001;9;0.12486755555555556
2024-03-21;GOOG;1.393674;14;0.09954814285714286
2024-06-20;GOOG;0.410789;8;0.051348625
2024-03-07;GOOG;0.13325099999999998;8;0.016656374999999998
2024-05-09;NVDA;1.763432;9;0.1959368888888889
2024-06-14;AAPL;1.588905;13;0.12222346153846154
2024-07-11;GOOG;0.21847299999999997;6;0.03641216666666666
2024-05-29;AAPL;2.332374;14;0.16659814285714286
2024-10-18;AAPL;0.590238;9;0.065582
2024-06-30;TSLA;-0.480956;3;-0.16031866666666666
2024-12-11;GOOG;0.850638;13;0.0654336923076923
2024-06-17;GOOG;0.427547;6;0.07125783333333334
2024-06-19;GOOG;0.30629999999999996;5;0.061259999999999995
2024-06-11;AAPL;1.7413630000000002;23;0.07571143478260871
2024-12-17;GOOG;1.1291;14;0.08065
2024-10-03;GOOG;-0.1091749999999998;11;-0.009924999999999982
2024-06-12;GOOG;0.9315299999999999;11;0.08468454545454544
2024-09-09;GOOG;0.21645600000000004;7;0.030922285714285718
2024-11-14;GOOG;-0.024017999999999984;6;-0.004002999999999997
2024-06-08;TSLA;0.303717;5;0.0607434
2024-04-26;BA;-0.376996;2;-0.188498
2024-07-21;GOOG;-0.183235;6;-0.03053916666666667
2024-09-11;AAPL;-0.01524700000000001;12;-0.0012705833333333343
2024-12-09;AAPL;0.305908;5;0.0611816
2024-10-23;AAPL;-1.691687;11;-0.15378972727272727
2024-02-21;GOOG;-0.24131000000000002;12;-0.020109166666666668
2024-07-17;GOOG;1.433482;11;0.13031654545454543
2024-11-15;AAPL;0.49873500000000004;9;0.055415000000000006
2024-03-10;AAPL;-0.022195999999999966;8;-0.0027744999999999957
2024-01-04;TSLA;1.049671;20;0.052483550000000004
2024-12-04;GOOG;-0.03972299999999998;4;-0.009930749999999995
2024-09-12;TSLA;0.930811;7;0.132973
2024-10-04;TSLA;-0.01670200000000005;9;-0.0018557777777777834
2024-02-27;AAPL;-1.631821;12;-0.13598508333333334
2024-05-23;GOOG;1.342323;11;0.12202936363636363
2024-09-13;AAPL;0.692441;12;0.05770341666666667
2024-05-30;GOOG;1.5526310000000003;12;0.12938591666666668
2024-05-12;TSLA;-0.7665379999999999;8;-0.09581724999999999
2024-06-03;GOOG;-0.06369;5;-0.012738
2024-08-23;GOOG;1.120234;8;0.14002925
2024-01-01;TSLA;0.7458720000000001;9;0.08287466666666668
2024-12-27;GOOG;0.8877630000000001;5;0.1775526
2024-12-23;TSLA;-0.7385019999999999;11;-0.06713654545454545
2024-11-14;TSLA;-1.6296089999999999;12;-0.13580075
2024-10-04;GOOG;0.15471;5;0.030941999999999997
2024-09-01;TSLA;0.324474;3;0.10815799999999999
2024-01-23;AAPL;-0.12098699999999998;13;-0.009306692307692306
2024-04-06;AAPL;-0.891202;3;-0.29706733333333335
2024-12-30;GOOG;-0.355943;9;-0.03954922222222222
2024-01-19;TSLA;-0.7440050000000001;6;-0.12400083333333335
2024-03-01;BA;0.05871900000000001;5;0.011743800000000002
2024-09-27;GOOG;-0.0005730000000000041;4;-0.00014325000000000102
2024-06-02;GOOG;0.36668300000000004;6;0.06111383333333334
2024-11-30;TSLA;0.360133;7;0.051447571428571426
2024-12-02;AAPL;1.09188;6;0.18198
2024-06-27;GOOG;0.3003;4;0.075075
2024-09-16;TSLA;0.32088799999999995;8;0.040110999999999994
2024-10-31;AAPL;0.3852980000000001;7;0.05504257142857144
2024-09-08;TSLA;-0.06315199999999997;3;-0.02105066666666666
2024-05-28;GOOG;1.340298;14;0.09573557142857143
2024-10-16;GOOG;0.8682850000000001;14;0.06202035714285715
2024-03-11;TSLA;-0.6848009999999999;13;-0.05267699999999999
2024-07-05;AAPL;-0.131039;8;-0.016379875
2024-12-22;TSLA;0.379996;7;0.05428514285714286
2024-08-06;GOOG;0.09491899999999995;9;0.01054655555555555
2024-05-11;TSLA;-1.236956;6;-0.20615933333333333
2024-03-25;GOOG;-0.11572900000000003;7;-0.01653271428571429
2024-10-17;TSLA;-0.06183700000000002;7;-0.008833857142857145
2024-05-29;GOOG;0.139941;8;0.017492625
2024-12-23;AAPL;-0.034020000000000106;17;-0.0020011764705882415
2024-07-14;GOOG;1.105658;9;0.1228508888888889
2024-02-24;GOOG;0.5906250000000001;8;0.07382812500000001
2024-09-04;TSLA;-0.08831299999999995;11;-0.00802845454545454
2024-02-25;GOOG;0.150356;3;0.050118666666666666
2024-11-17;TSLA;0.719295;6;0.1198825
2024-05-03;GOOG;0.9949999999999999;6;0.1658333333333333
2024-10-31;BA;-0.10603;2;-0.053015
2024-09-11;GOOG;-0.341786;7;-0.04882657142857143
2024-06-12;NVDA;4.711283;26;0.1812031923076923
2024-04-28;GOOG;0.42374300000000004;7;0.06053471428571429
2024-09-17;TSLA;0.2092349999999999;11;0.019021363636363628
2024-06-27;TSLA;-0.997251;12;-0.08310425
2024-07-12;TSLA;-1.7859289999999997;18;-0.09921827777777775
2024-06-24;TSLA;-0.5731;9;-0.06367777777777778
2024-10-10;AAPL;0.572627;7;0.08180385714285714
2024-07-15;NVDA;3.624066;18;0.201337
2024-02-01;AAPL;0.049443000000000126;21;0.0023544285714285776
2024-06-11;O;-0.143286;1;-0.143286
2024-02-22;TSLA;-0.741053;13;-0.05700407692307692
2024-09-19;BA;-0.364;2;-0.182
2024-11-18;TSLA;1.1262210000000001;16;0.07038881250000001
2024-07-31;TSLA;-0.13094099999999986;12;-0.01091174999999999
2024-08-18;TSLA;0.362375;4;0.09059375
2024-08-01;NVDA;1.4893740000000002;21;0.07092257142857143
2024-02-24;TSLA;-1.155954;5;-0.23119079999999997
2024-08-10;TSLA;-0.23399599999999993;7;-0.03342799999999999
2024-08-31;TSLA;-0.394597;6;-0.06576616666666667
2024-12-02;GOOG;-0.07461300000000001;2;-0.037306500000000006
2024-12-26;TSLA;0.19683299999999998;6;0.032805499999999994
2024-03-11;AAPL;-0.565634;14;-0.04040242857142857
2024-12-19;GOOG;-0.326272;9;-0.03625244444444445
2024-01-16;AAPL;-0.32606499999999994;11;-0.029642272727272722
2024-03-06;AAPL;-1.40521;10;-0.140521
2024-09-22;TSLA;0.207339;10;0.0207339
2024-05-16;AAPL;0.0614579999999999;10;0.00614579999999999
2024-05-01;TSLA;0.338877;10;0.0338877
2024-11-30;GOOG;0.556583;3;0.18552766666666667
2024-03-02;AAPL;-0.194996;9;-0.021666222222222222
2024-07-16;TSLA;1.6122010000000002;17;0.09483535294117648
2024-02-01;TSLA;-2.3082489999999996;14;-0.16487492857142855
2024-12-20;GOOG;0.6736470000000001;8;0.08420587500000001
2024-12-20;AAPL;0.9532;6;0.15886666666666668
2024-05-30;BA;-0.10154300000000002;3;-0.03384766666666667
2024-08-17;O;-0.0021360000000000003;1;-0.0021360000000000003
2024-02-09;BA;-0.288288;1;-0.288288
2024-04-03;O;0.17811800000000005;4;0.044529500000000014
2024-01-18;AAPL;1.0720180000000001;18;0.059556555555555564
2024-09-10;BA;-0.337897;3;-0.11263233333333333
2024-05-14;BA;-0.32408600000000004;2;-0.16204300000000002
2024-03-22;BA;-0.0782;2;-0.0391
2024-02-11;BA;-0.462898;1;-0.462898
2024-12-19;BA;1.443;3;0.48100000000000004
2024-08-24;AAPL;1.3175789999999998;7;0.1882255714285714
2024-03-21;BA;0.6;1;0.6
2024-05-08;BA;-1.0187819999999999;3;-0.33959399999999995
2024-04-20;NVDA;1.8211819999999999;17;0.10712835294117647
2024-05-25;NVDA;0.8596900000000001;8;0.10746125000000001
2024-08-06;O;-0.0987;1;-0.0987
2024-11-03;TSLA;0.27671;2;0.138355
2024-03-29;O;0.004236;1;0.004236
2024-02-11;O;0.42074199999999995;1;0.42074199999999995
2024-08-30;GOOG;0.26645700000000005;6;0.04440950000000001
2024-10-27;GOOG;0.4797350000000001;4;0.11993375000000002
2024-12-01;O;-0.064527;1;-0.064527
2024-03-31;BA;-0.41975999999999997;1;-0.41975999999999997
2024-11-18;O;0.374003;1;0.374003
2024-07-20;O;-0.026984999999999995;3;-0.008994999999999998
2024-10-29;AAPL;0.104587;7;0.014941
2024-06-22;AAPL;0.8251419999999998;7;0.11787742857142855
2024-06-05;O;0.274263;2;0.1371315
2024-03-10;GOOG;0.18667800000000007;7;0.026668285714285724
2024-12-15;AAPL;0.944118;7;0.134874
2024-11-09;TSLA;0.14756;3;0.04918666666666666
2024-03-07;BA;-0.48756;2;-0.24378
2024-04-04;BA;-0.48439999999999994;3;-0.16146666666666665
2024-06-01;GOOG;0.651107;3;0.21703566666666665
2024-10-09;O;0.5037119999999999;1;0.5037119999999999
2024-05-23;BA;-0.94737;2;-0.473685
2024-11-24;GOOG;-0.05859099999999998;5;-0.011718199999999996
2024-03-30;GOOG;0.25585;4;0.0639625
2024-08-16;AAPL;-0.15964899999999999;5;-0.031929799999999994
2024-07-18;AAPL;0.3278170000000001;8;0.04097712500000001
2024-02-03;BA;-0.464232;1;-0.464232
2024-08-31;AAPL;0.771879;8;0.096484875
2024-09-18;GOOG;0.24938699999999997;2;0.12469349999999998
2024-08-26;O;0.347954;2;0.173977
2024-06-02;TSLA;-0.729754;4;-0.1824385
2024-08-07;NVDA;1.2926730000000002;21;0.06155585714285715
2024-04-28;O;0.03969500000000001;1;0.03969500000000001
2024-02-12;BA;-0.230677;1;-0.230677
2024-12-18;O;0.127368;1;0.127368
2024-06-22;TSLA;-0.07170000000000001;2;-0.03585000000000001
2024-01-13;O;0.10244900000000001;4;0.025612250000000003
2024-01-01;NVDA;0.777533;6;0.12958883333333335
2024-03-18;BA;-0.607236;2;-0.303618
2024-02-20;BA;0.5309940000000002;6;0.08849900000000004
2024-04-14;TSLA;-0.798455;5;-0.159691
2024-02-01;BA;-0.8113509999999999;4;-0.20283774999999998
2024-02-16;BA;-0.257912;1;-0.257912
2024-08-03;GOOG;0.38048699999999996;5;0.0760974
2024-09-19;O;0.61919;3;0.20639666666666667
2024-06-05;AAPL;1.4009690000000001;12;0.11674741666666667
2024-01-12;O;-0.2088;1;-0.2088
2024-03-05;BA;0.01809700000000003;4;0.004524250000000007
2024-04-16;BA;-0.21659899999999999;3;-0.07219966666666666
2024-04-12;BA;-1.185065;4;-0.29626625
2024-07-21;NVDA;1.4927860000000002;15;0.09951906666666668
2024-07-10;GOOG;0.7236560000000001;12;0.06030466666666667
2024-03-04;BA;0.16393500000000005;6;0.02732250000000001
2024-08-20;O;0.286;1;0.286
2024-11-23;O;0.16762100000000002;2;0.08381050000000001
2024-05-14;O;0.068796;1;0.068796
2024-10-02;O;0.132276;1;0.132276
2024-07-24;BA;-0.21802699999999997;4;-0.05450674999999999
2024-10-25;O;-0.096199;3;-0.032066333333333336
2024-05-28;AAPL;0.32261799999999996;10;0.03226179999999999
2024-01-04;O;0.18215400000000004;2;0.09107700000000002
2024-05-09;BA;-1.187712;3;-0.39590400000000003
2024-12-02;O;0.055803;1;0.055803
2024-01-14;TSLA;-0.8904449999999998;8;-0.11130562499999998
2024-03-29;AAPL;-0.5701240000000001;5;-0.11402480000000001
2024-02-06;BA;0.17000700000000002;3;0.056669000000000004
2024-03-11;BA;-1.6751380000000002;5;-0.33502760000000004
2024-11-03;BA;-0.002464;1;-0.002464
2024-05-30;O;0.157859;3;0.05261966666666667
2024-05-22;BA;-0.25;1;-0.25
2024-01-06;BA;-0.16148400000000002;2;-0.08074200000000001
2024-04-19;GOOG;-0.26211399999999996;9;-0.029123777777777773
2024-04-10;O;-0.6855589999999999;1;-0.6855589999999999
2024-05-17;BA;-0.37158599999999997;3;-0.12386199999999999
2024-12-29;O;-0.252264;3;-0.084088
2024-04-15;BA;-0.521231;3;-0.17374366666666666
2024-08-14;O;0.089577;1;0.089577
2024-05-18;BA;-0.521594;1;-0.521594
2024-05-21;BA;-0.563811;2;-0.2819055
2024-04-03;BA;0.06225;1;0.06225
2024-09-24;O;0.121044;1;0.121044
2024-12-29;AAPL;0.7971940000000001;5;0.15943880000000002
2024-02-13;BA;-0.461254;2;-0.230627
2024-12-10;O;-0.046631;1;-0.046631
2024-08-02;GOOG;0.884674;8;0.11058425
2024-06-13;O;0.0;1;0.0
2024-06-29;AAPL;1.203067;5;0.24061340000000003
2024-04-18;BA;-0.622504;3;-0.20750133333333332
2024-11-23;AAPL;0.463898;9;0.05154422222222222
2024-03-20;BA;-0.526622;3;-0.17554066666666668
2024-05-01;BA;-0.5703;3;-0.19010000000000002
2024-05-13;BA;-0.1887;1;-0.1887
2024-12-18;AAPL;0.5526139999999999;9;0.06140155555555555
2024-09-30;AAPL;-0.3763069999999999;8;-0.047038374999999986
2024-05-31;BA;-0.3405;3;-0.1135
2024-05-16;GOOG;0.7189650000000001;10;0.0718965
2024-05-29;BA;-0.5625;2;-0.28125
2024-07-08;O;0.06983199999999999;3;0.02327733333333333
2024-10-01;O;0.42329;2;0.211645
2024-01-18;O;0.084084;1;0.084084
2024-05-03;BA;-0.8076800000000001;2;-0.40384000000000003
2024-01-09;O;0.190302;2;0.095151
2024-11-28;AAPL;0.707177;10;0.0707177
2024-11-26;AAPL;-0.351709;10;-0.0351709
2024-04-26;AAPL;-0.11889199999999996;7;-0.016984571428571422
2024-01-19;AAPL;-1.064562;9;-0.11828466666666666
2024-04-04;GOOG;-0.31194899999999987;10;-0.031194899999999987
2024-08-31;NVDA;0.193001;11;0.017545545454545456
2024-06-07;AAPL;1.021777;9;0.11353077777777777
2024-02-14;BA;0.08737500000000001;1;0.08737500000000001
2024-05-17;O;0.12562299999999998;4;0.031405749999999996
2024-04-17;O;0.16229900000000003;2;0.08114950000000001
2024-03-09;BA;-0.49291300000000005;1;-0.49291300000000005
2024-09-30;BA;-0.528;3;-0.17600000000000002
2024-02-21;O;0.24939400000000006;3;0.08313133333333335
2024-04-07;BA;-0.421875;1;-0.421875
2024-12-26;GOOG;0.477531;6;0.07958849999999999
2024-02-19;BA;0.30416099999999996;1;0.30416099999999996
2024-02-26;BA;-0.230622;1;-0.230622
2024-03-09;GOOG;0.402547;4;0.10063675
2024-06-22;NVDA;0.9845799999999998;17;0.057916470588235285
2024-03-13;BA;-0.008865999999999999;1;-0.008865999999999999
2024-03-03;O;0.465378;2;0.232689
2024-05-10;BA;0.0;1;0.0
2024-04-21;AAPL;0.24813300000000005;5;0.04962660000000001
2024-07-01;GOOG;0.8991360000000002;7;0.12844800000000003
2024-06-22;GOOG;0.442045;5;0.088409
2024-11-05;BA;-0.20008499999999993;6;-0.03334749999999999
2024-06-09;O;0.0494;1;0.0494
2024-02-25;BA;-0.17963400000000002;1;-0.17963400000000002
2024-05-24;GOOG;0.519324;10;0.051932400000000004
2024-11-05;O;-0.018326;1;-0.018326
2024-03-06;BA;-0.28078000000000003;1;-0.28078000000000003
2024-04-22;BA;-0.29249099999999995;3;-0.09749699999999999
2024-06-25;GOOG;-0.0022939999999999905;5;-0.0004587999999999981
2024-09-29;O;0.1345;1;0.1345
2024-08-24;GOOG;-0.022422000000000025;2;-0.011211000000000013
2024-10-19;TSLA;-0.07214899999999996;8;-0.009018624999999995
2024-10-10;O;-0.04575;1;-0.04575
2024-12-10;TSLA;1.173981;8;0.146747625
2024-02-08;BA;-0.230677;1;-0.230677
2024-05-25;O;-0.0795;1;-0.0795
2024-09-17;O;0.14202;1;0.14202
2024-10-29;BA;-0.071816;2;-0.035908
2024-10-03;O;0.13937;1;0.13937
2024-12-09;O;0.0;1;0.0
2024-12-22;O;-0.007285;1;-0.007285
2024-06-29;GOOG;0.687916;5;0.1375832
2024-05-27;O;0.323531;1;0.323531
2024-10-22;GOOG;1.367165;8;0.170895625
2024-12-30;O;0.129537;1;0.129537
2024-03-04;O;0.41026;1;0.41026
2024-02-14;O;0.16590000000000002;1;0.16590000000000002
2024-11-01;O;0.06811700000000001;2;0.034058500000000005
2024-09-26;O;0.15178;2;0.07589
2024-08-11;TSLA;-0.396336;5;-0.07926720000000001
2024-04-30;O;0.191952;1;0.191952
2024-12-28;TSLA;-0.15495;2;-0.077475
2024-01-28;GOOG;0.2385;5;0.0477
2024-09-13;O;0.12393000000000001;2;0.061965000000000006
2024-12-19;AAPL;0.08922800000000009;9;0.009914222222222232
2024-03-31;O;0.140044;3;0.04668133333333333
2024-11-04;O;0.560567;2;0.2802835
2024-06-23;AAPL;0.7093679999999999;11;0.06448799999999999
2024-01-20;BA;0.057375999999999996;1;0.057375999999999996
2024-02-04;AAPL;0.452499;6;0.0754165
2024-04-21;GOOG;0.851569;6;0.14192816666666666
2024-03-09;O;0.624425;4;0.15610625
2024-08-29;O;0.1494;1;0.1494
2024-02-15;O;0.10057800000000001;2;0.05028900000000001
2024-07-06;AAPL;-0.17180299999999998;3;-0.05726766666666666
2024-05-26;O;0.460101;3;0.153367
2024-02-18;GOOG;0.549717;7;0.078531
2024-05-04;GOOG;0.4206600000000001;5;0.08413200000000001
2024-12-11;O;0.048048;1;0.048048
2024-07-29;O;0.03835;1;0.03835
2024-11-16;TSLA;0.345514;7;0.04935914285714286
2024-03-01;AAPL;-0.9262870000000001;12;-0.07719058333333334
2024-02-24;O;0.162743;2;0.0813715
2024-03-24;O;0.20849500000000004;2;0.10424750000000002
2024-09-21;O;0.545228;3;0.1817426666666667
2024-12-17;O;0.164164;1;0.164164
2024-02-22;AAPL;0.406725;10;0.0406725
2024-12-24;O;0.13098600000000002;2;0.06549300000000001
2024-02-04;O;0.05340400000000001;2;0.026702000000000004
2024-11-17;GOOG;0.27751200000000004;2;0.13875600000000002
2024-08-17;AAPL;-0.676417;6;-0.11273616666666668
2024-09-15;O;0.056448;1;0.056448
2024-03-02;BA;-0.072512;1;-0.072512
2024-07-04;AAPL;1.1373220000000002;7;0.16247457142857144
2024-11-21;O;0.058646;1;0.058646
2024-11-24;AAPL;0.09366100000000002;5;0.018732200000000004
2024-11-26;O;0.34751600000000005;3;0.11583866666666669
2024-04-29;O;0.057;1;0.057
2024-01-11;GOOG;-0.41299299999999994;10;-0.0412993
2024-08-24;O;0.595281;2;0.2976405
2024-10-12;O;0.1332;2;0.0666
2024-06-27;O;-0.230559;2;-0.1152795
2024-11-02;AAPL;0.6627190000000001;4;0.16567975000000001
2024-07-12;GOOG;-0.301552;3;-0.10051733333333333
2024-07-09;AAPL;0.7152999999999999;12;0.059608333333333326
2024-12-22;GOOG;0.39720900000000003;3;0.13240300000000002
2024-07-07;TSLA;0.430245;3;0.143415
2024-03-21;O;0.0;1;0.0
2024-07-05;O;0.187068;1;0.187068
2024-08-16;GOOG;-0.218528;9;-0.02428088888888889
2024-01-28;O;0.24253099999999997;1;0.24253099999999997
2024-05-23;O;-0.10344700000000004;3;-0.034482333333333344
2024-08-17;GOOG;0.172145;3;0.057381666666666664
2024-09-17;AAPL;0.5246169999999999;8;0.06557712499999999
2024-02-24;AAPL;-0.28875300000000004;4;-0.07218825000000001
2024-06-25;O;0.259015;2;0.1295075
2024-06-23;GOOG;0.10260599999999999;1;0.10260599999999999
2024-07-15;GOOG;1.2384970000000002;8;0.15481212500000002
2024-07-15;AAPL;1.0678260000000002;10;0.10678260000000002
2024-04-06;GOOG;0.193272;3;0.064424
2024-03-01;GOOG;2.207024;10;0.22070240000000002
2024-04-14;GOOG;-0.08007500000000001;5;-0.016015
2024-04-07;GOOG;0.541037;5;0.1082074
2024-02-26;GOOG;-0.39308600000000005;15;-0.026205733333333335
2024-02-20;AAPL;0.842147;11;0.07655881818181819
2024-06-14;GOOG;0.551595;4;0.13789875
2024-02-19;GOOG;0.361;3;0.12033333333333333
2024-02-17;GOOG;0.867413;5;0.1734826
2024-02-17;AAPL;0.375376;6;0.06256266666666667
2024-01-20;AAPL;0.9761080000000001;6;0.16268466666666667
2024-06-16;AAPL;0.518289;7;0.07404128571428571
2024-12-05;AAPL;1.387637;7;0.19823385714285716
2024-04-20;GOOG;0.589418;4;0.1473545
2024-01-24;AAPL;-0.12965800000000016;12;-0.010804833333333347
2024-08-12;BA;0.10702999999999999;3;0.03567666666666666
2024-08-16;O;0.055299999999999995;1;0.055299999999999995
2024-09-02;GOOG;0.12672799999999998;1;0.12672799999999998
2024-07-13;GOOG;0.623;2;0.3115
2024-12-21;AAPL;0.23982599999999998;4;0.059956499999999996
2024-09-01;GOOG;0.536944;3;0.17898133333333333
2024-10-19;GOOG;0.16217199999999998;2;0.08108599999999999
2024-10-19;AAPL;-0.13045;4;-0.0326125
2024-01-19;GOOG;-0.218823;2;-0.1094115
2024-06-28;O;-0.10889100000000002;1;-0.10889100000000002
2024-01-16;BA;-1.6385429999999999;5;-0.32770859999999996
2024-09-19;AAPL;0.3361969999999998;9;0.0373552222222222
2024-03-23;AAPL;-1.072754;5;-0.21455079999999999
2024-12-28;AAPL;0.287028;3;0.095676
2024-06-27;AAPL;0.646561;9;0.07184011111111112
2024-01-28;AAPL;0.07017900000000007;9;0.007797666666666675
2024-07-07;AAPL;1.058043;6;0.1763405
2024-10-12;GOOG;0.282954;3;0.094318
2024-07-12;AAPL;0.823947;6;0.1373245
2024-09-01;O;0.14575;1;0.14575
2024-11-30;O;0.06492000000000002;2;0.03246000000000001
2024-07-05;GOOG;0.4379350000000001;4;0.10948375000000002
2024-06-08;GOOG;0.043053;1;0.043053
2024-12-26;BA;0.1704;2;0.0852
2024-08-07;AAPL;-0.514173;5;-0.1028346
2024-02-28;O;0.053088;1;0.053088
2024-12-08;AAPL;0.50171;6;0.08361833333333334
2024-12-12;BA;-0.230657;2;-0.1153285
2024-03-17;GOOG;-0.11558500000000002;4;-0.028896250000000005
2024-03-23;TSLA;-0.353958;5;-0.0707916
2024-12-01;GOOG;-0.001875;2;-0.0009375
2024-01-01;AAPL;0.07176399999999998;4;0.017940999999999995
2024-10-24;AAPL;1.8684720000000001;10;0.18684720000000002
2024-02-10;AAPL;0.7175689999999999;6;0.11959483333333332
2024-04-13;GOOG;0.367052;2;0.183526
2024-01-04;GOOG;-0.1607269999999999;11;-0.014611545454545445
2024-09-01;AAPL;0.6156250000000001;3;0.20520833333333335
2024-03-23;GOOG;0.09139800000000001;3;0.030466000000000003
2024-07-13;AAPL;0.5152770000000001;7;0.07361100000000001
2024-02-19;AAPL;-0.256119;6;-0.042686499999999995
2024-02-25;AAPL;0.03022999999999998;4;0.007557499999999995
2024-02-29;GOOG;-0.24287300000000006;9;-0.026985888888888896
2024-04-18;GOOG;0.7414510000000001;10;0.0741451
2024-11-18;AAPL;0.14941500000000002;7;0.021345000000000003
2024-11-17;AAPL;0.38332799999999995;3;0.12777599999999997
2024-10-01;AAPL;-1.7544500000000003;10;-0.17544500000000002
2024-07-07;GOOG;0.46295200000000003;2;0.23147600000000002
2024-06-08;AAPL;0.186004;1;0.186004
2024-10-07;AAPL;-0.672935;3;-0.22431166666666666
2024-08-20;AAPL;0.1098;4;0.02745
2024-09-29;AAPL;0.6667460000000001;4;0.16668650000000002
2024-11-19;AAPL;-0.26525200000000004;10;-0.026525200000000006
2024-11-16;AAPL;0.770526;4;0.1926315
2024-11-14;AAPL;-0.059216000000000046;8;-0.007402000000000006
2024-10-13;GOOG;0.05945400000000002;5;0.011890800000000003
2024-11-20;AAPL;-0.32838200000000006;6;-0.054730333333333346
2024-11-11;GOOG;0.8471850000000001;7;0.12102642857142858
2024-09-22;GOOG;0.043558000000000006;3;0.014519333333333335
2024-06-15;GOOG;0.33043;4;0.0826075
2024-10-05;GOOG;0.19325;2;0.096625
2024-09-08;GOOG;0.080542;2;0.040271
2024-11-10;AAPL;0.42184699999999997;8;0.052730874999999996
2024-01-23;BA;-0.409714;2;-0.204857
2024-01-02;BA;-0.6;1;-0.6
2024-08-24;TSLA;-0.214305;2;-0.1071525
2024-04-30;AAPL;-0.584466;7;-0.08349514285714286
2024-06-03;AAPL;0.6528809999999999;3;0.217627
2024-01-19;BA;-0.7181169999999999;3;-0.2393723333333333
2022-10-14;TSLA;0.0;1;0.0
2024-01-30;BA;-1.611057;4;-0.40276425
2024-01-12;BA;-0.41700000000000004;3;-0.139
2024-01-10;BA;-0.493444;5;-0.0986888
2024-03-29;BA;0.0;1;0.0
2024-11-01;TSLA;0.11273599999999995;7;0.01610514285714285
2024-05-18;TSLA;0.18237;7;0.026052857142857145
2024-03-24;TSLA;-0.3925;2;-0.19625
2024-01-24;BA;-2.3229189999999997;6;-0.3871531666666666
2024-01-04;BA;0.10101;1;0.10101
2024-01-26;BA;-1.437907;5;-0.2875814
2024-01-28;BA;-0.48339999999999994;2;-0.24169999999999997
2024-09-23;O;-0.029757000000000002;1;-0.029757000000000002
2024-01-29;BA;-1.303375;5;-0.260675
2024-04-16;O;-0.144573;1;-0.144573
2024-10-28;BA;0.405139;6;0.06752316666666668
2024-09-23;AAPL;-0.3564709999999999;6;-0.05941183333333332
2024-09-26;BA;-0.34819399999999995;2;-0.17409699999999997
2024-09-03;AAPL;-0.18832200000000002;8;-0.023540250000000002
2024-09-30;GOOG;-0.859302;2;-0.429651
2024-12-31;GOOG;0.036100000000000014;2;0.018050000000000007
2024-01-16;O;0.42848699999999995;2;0.21424349999999998
2024-12-06;BA;-0.7438260000000001;4;-0.18595650000000002
2024-10-17;O;0.8673599999999999;3;0.28912
2024-11-02;TSLA;0.0;2;0.0
2024-11-12;BA;0.665876;4;0.166469
2024-10-15;BA;-0.8881469999999999;2;-0.44407349999999995
2024-11-18;BA;-0.33454;2;-0.16727
2024-07-27;GOOG;-0.46267199999999997;2;-0.23133599999999999
2024-09-25;BA;-0.174988;3;-0.05832933333333334
2024-05-06;O;0.0;1;0.0
2024-12-18;BA;-0.785926;3;-0.26197533333333334
2024-09-08;O;-0.16140000000000002;1;-0.16140000000000002
2024-10-26;TSLA;-0.181413;2;-0.0907065
2024-10-24;BA;-1.737602;6;-0.28960033333333335
2024-01-14;O;-0.10900399999999999;2;-0.054501999999999995
2024-11-26;BA;-0.162081;1;-0.162081
2024-12-03;BA;-0.065945;1;-0.065945
2024-11-15;BA;-0.49029700000000004;3;-0.16343233333333335
2024-11-08;BA;0.2268;1;0.2268
2024-12-16;BA;0.18175;1;0.18175
2024-11-25;BA;-0.175728;3;-0.058575999999999996
2024-05-21;O;0.352314;1;0.352314
2024-08-03;O;0.045953999999999995;1;0.045953999999999995
2024-02-10;O;0.130578;2;0.065289
2024-12-29;BA;-0.462132;1;-0.462132
2024-11-04;BA;0.18957000000000002;3;0.06319000000000001
2024-04-05;O;0.0825;1;0.0825
2024-12-09;BA;0.199134;1;0.199134
2024-05-01;O;0.0;1;0.0
2024-12-13;BA;-0.288288;1;-0.288288
2024-10-25;BA;-0.207661;3;-0.06922033333333334
2024-12-23;BA;-0.21709499999999998;1;-0.21709499999999998
2024-04-18;O;0.45075;1;0.45075
2024-12-27;O;0.4589059999999999;2;0.22945299999999996
2024-07-30;O;-0.05174399999999999;1;-0.05174399999999999
2024-07-10;O;0.57074;2;0.28537
2024-03-16;O;0.0;1;0.0
2024-08-10;O;0.360332;2;0.180166
2024-04-01;O;0.20571799999999998;2;0.10285899999999999
2024-10-31;O;0.04433600000000001;1;0.04433600000000001
2024-07-03;O;0.187;1;0.187
2024-10-30;BA;-0.1235;1;-0.1235
2024-11-15;O;0.429;1;0.429
2024-11-13;BA;-0.014161;1;-0.014161
2024-11-17;BA;-0.43268399999999996;1;-0.43268399999999996
2024-11-27;BA;-0.259;1;-0.259
2024-10-19;O;0.393;1;0.393
2024-12-07;BA;-0.396;1;-0.396
2024-02-18;O;0.17319400000000001;1;0.17319400000000001
2024-12-27;BA;-0.09864600000000007;3;-0.03288200000000002
2024-12-05;BA;-0.36351500000000003;1;-0.36351500000000003
2024-06-15;O;0.477066;2;0.238533
2024-12-31;BA;-0.572516;1;-0.572516
2024-10-06;O;0.4155960000000001;3;0.13853200000000002
2024-11-07;BA;0.10138799999999999;1;0.10138799999999999
2024-07-25;O;0.16167399999999998;1;0.16167399999999998
2024-12-10;BA;-0.6997199999999999;1;-0.6997199999999999
2024-09-04;BA;-0.183;2;-0.0915
2024-07-29;BA;-0.189;1;-0.189
2024-02-06;O;0.0;1;0.0
2024-07-07;O;0.06968700000000001;1;0.06968700000000001
2024-07-01;O;0.21652799999999997;1;0.21652799999999997
2024-09-18;BA;-1.9255000000000002;4;-0.48137500000000005
2024-09-20;O;0.0918;1;0.0918
2024-06-17;O;-0.068886;1;-0.068886
2024-01-21;O;0.188448;1;0.188448
2024-12-28;O;0.052074;1;0.052074
2024-08-07;O;0.312116;2;0.156058
2024-10-01;BA;-0.576198;1;-0.576198
2024-01-14;BA;0.0;1;0.0
2024-07-20;GOOG;0.165208;2;0.082604
2024-10-12;BA;-0.625;1;-0.625
2024-06-23;O;0.051937000000000004;1;0.051937000000000004
2024-04-23;O;0.05088;1;0.05088
2024-11-13;O;0.0;1;0.0
2024-07-02;O;0.0796;1;0.0796
2024-04-04;O;0.110625;1;0.110625
2024-05-20;O;-0.035871000000000014;2;-0.017935500000000007
2024-08-07;BA;-0.689781;2;-0.3448905
2024-11-29;O;-0.022848;1;-0.022848
2024-10-11;BA;-0.26374200000000003;1;-0.26374200000000003
2024-06-29;O;0.197743;1;0.197743
2024-08-21;BA;-0.29702399999999995;1;-0.29702399999999995
2024-09-21;BA;-0.5;1;-0.5
2024-09-20;BA;-0.081;1;-0.081
2024-09-09;BA;1.054867;3;0.3516223333333333
2024-08-13;BA;-0.14186100000000001;2;-0.07093050000000001
2024-09-08;BA;-0.196765;1;-0.196765
2024-09-14;BA;-0.16730299999999998;1;-0.16730299999999998
2024-05-12;O;0.29115;1;0.29115
2024-07-26;O;0.1215;1;0.1215
2024-08-09;BA;-0.4605;1;-0.4605
2024-07-25;BA;-0.678;1;-0.678
2024-09-14;GOOG;0.20324;5;0.040648000000000004
2024-08-22;BA;-0.48149600000000004;1;-0.48149600000000004
2024-08-24;BA;-0.703108;2;-0.351554
2024-09-16;BA;-0.9032;2;-0.4516
2024-10-05;O;0.538415;3;0.17947166666666667
2024-12-15;O;0.2238;1;0.2238
2024-07-26;BA;-0.06387899999999999;2;-0.031939499999999996
2024-07-17;O;-0.12083;1;-0.12083
2024-12-31;O;0.09168599999999999;1;0.09168599999999999
2024-06-06;O;0.043179;1;0.043179
2024-09-11;O;0.256944;1;0.256944
2024-05-02;O;0.013319999999999999;1;0.013319999999999999
2024-12-08;O;0.057499999999999996;1;0.057499999999999996
2024-08-15;BA;0.2839790000000001;2;0.14198950000000005
2024-08-01;BA;-0.7976;3;-0.26586666666666664
2024-04-24;O;-0.042815000000000006;2;-0.021407500000000003
2024-09-29;GOOG;0.12705000000000002;1;0.12705000000000002
2024-08-08;O;0.033033;1;0.033033
2024-09-07;BA;-0.26861999999999997;1;-0.26861999999999997
2024-10-09;BA;-3.330903;6;-0.5551505
2024-11-24;O;0.238455;3;0.079485
2024-08-16;BA;-0.48205200000000004;1;-0.48205200000000004
2024-10-22;O;0.105006;1;0.105006
2024-09-05;O;0.099234;1;0.099234
2024-07-04;O;0.136344;1;0.136344
2024-09-23;BA;-0.03;1;-0.03
2024-10-03;BA;-0.8431219999999999;3;-0.28104066666666666
2024-11-14;O;0.114686;1;0.114686
2024-07-08;GOOG;0.6243829999999999;5;0.12487659999999998
2024-04-22;O;-0.2585;1;-0.2585
2024-04-21;O;-0.04664;1;-0.04664
2024-07-17;BA;-0.546122;2;-0.273061
2024-07-16;BA;-0.560938;1;-0.560938
2024-09-13;BA;-2.113657;4;-0.52841425
2024-05-16;O;0.365064;1;0.365064
2024-08-14;BA;0.11758800000000001;2;0.058794000000000006
2024-03-23;O;0.167832;1;0.167832
2024-08-23;BA;0.039151;1;0.039151
2024-09-11;BA;-0.5;1;-0.5
2024-09-06;BA;-0.5791499999999999;2;-0.28957499999999997
2024-10-16;BA;-0.28488600000000003;1;-0.28488600000000003
2024-07-23;BA;0.3102;1;0.3102
2024-06-02;O;0.09213299999999999;1;0.09213299999999999
2024-05-08;O;0.436078;1;0.436078
2024-05-15;O;0.18142400000000003;1;0.18142400000000003
2024-09-22;O;0.009684;1;0.009684
2024-08-26;BA;-0.05139600000000001;3;-0.017132000000000005
2024-10-26;GOOG;0.0;1;0.0
2024-03-12;GOOG;1.042165;4;0.26054125
